1,1,2.279365960724488
2,1,0.003929981603625432
3,1,0.009169957075126009
4,1,-0.0026730149429903495
5,1,0.014409932546626585
6,1,-0.005150324794343752
7,1,0.0011943012507331374
8,1,0.014409932546626585
9,1,-0.006574747429139061
11,1,0.0019075277016087973
12,1,0.00617568537712568
13,1,-0.004812222371786243
15,1,0.0019248889487144974
18,1,0.0008283403157411057
24,1,-0.0026730149429903495
25,1,0.0006635033876250728
26,1,-0.005150324794343752
27,1,0.00154817457112517
28,1,-0.00030433613908329343
29,1,-0.006574747429139061
30,1,0.002432845754625267
32,1,-0.0005863902732926824
33,1,-0.004812222371786243
34,1,0.002432845754625267
36,1,-0.0007485679245000822
38,1,0.0010426481805536861
40,1,-0.0005478956190949217
122,1,0.0011943012507331374
123,1,-0.00030433613908329343
124,1,5.103872212500561e-5
125,1,0.0019075277016087973
126,1,-0.0005863902732926824
128,1,0.0001190903516250131
129,1,0.0019248889487144974
130,1,-0.0007485679245000822
132,1,0.00018714198112502057
134,1,0.0008283403157411057
135,1,-0.0005478956190949217
137,1,0.00018714198112502057
142,1,8.020370619643739e-5
1,2,0.003929981603625432
2,2,2.2937614977341045
3,2,0.03251166599362857
4,2,0.003392672812256982
5,2,0.051089760847130614
7,2,-0.0017848897813154579
8,2,0.051089760847130614
10,2,-0.01301298307048355
12,2,0.02189561179162741
14,2,-0.013131419942712675
16,2,0.004710312200115702
17,2,-0.0056508634166869045
20,2,0.0034932610212246315
24,2,0.003392672812256982
25,2,0.00018714198112502054
49,2,-0.01301298307048355
51,2,0.00154817457112517
53,2,-0.013131419942712675
55,2,0.002432845754625267
57,2,-0.0005863902732926824
58,2,-0.0056508634166869045
60,2,0.002432845754625267
63,2,-0.0007485679245000822
65,2,0.0010426481805536861
68,2,-0.0005478956190949217
122,2,-0.0017848897813154579
124,2,1.4395537009616967e-5
152,2,0.004710312200115702
154,2,-0.0005863902732926824
156,2,0.0001190903516250131
157,2,0.0034932610212246315
159,2,-0.0007485679245000822
162,2,0.00018714198112502057
165,2,-0.0005478956190949217
168,2,0.00018714198112502057
172,2,8.020370619643739e-5
1,3,0.009169957075126009
2,3,0.03251166599362857
3,3,2.12753754056924
4,3,0.15275252316519464
5,3,0.1192094419766381
6,3,0.009977837208415245
8,3,0.1192094419766381
10,3,0.02011097383620184
11,3,-0.005238364534418003
12,3,0.05108976084713062
16,3,-0.00883183537521694
19,3,-0.01952792276652153
22,3,0.004002033263000152
24,3,0.15275252316519464
26,3,0.009977837208415245
27,3,0.00018714198112502054
49,3,0.02011097383620184
51,3,0.0006635033876250728
52,3,-0.00010550957254245719
76,3,-0.01952792276652153
80,3,0.002432845754625267
86,3,0.002432845754625267
88,3,-0.0007485679245000822
90,3,0.0010426481805536861
93,3,-0.0005478956190949217
125,3,-0.005238364534418003
127,3,-0.00010550957254245719
128,3,1.4395537009616967e-5
152,3,-0.00883183537521694
156,3,5.103872212500561e-5
180,3,0.004002033263000152
184,3,-0.0007485679245000822
186,3,0.00018714198112502057
190,3,-0.0005478956190949217
193,3,0.00018714198112502057
197,3,8.020370619643739e-5
1,4,-0.0026730149429903495
2,4,0.003392672812256982
3,4,0.15275252316519464
4,4,2.0108686304422605
6,4,0.0681828426462101
7,4,0.0019718178420611077
9,4,0.08704013577782194
10,4,-0.0487906199490025
13,4,0.06370685614126999
14,4,-0.049234684802509227
17,4,-0.021187234921765517
21,4,0.009178312556375927
23,4,0.004002033263000152
25,4,0.15275252316519464
27,4,0.003392672812256982
28,4,2.2988627374612097e-5
50,4,0.008147416125983442
51,4,-0.0026730149429903495
77,4,-0.013131419942712675
78,4,0.006574747429139061
82,4,-0.0005863902732926824
83,4,-0.0056508634166869045
84,4,0.004812222371786243
89,4,-0.0007485679245000822
94,4,-0.0005478956190949217
126,4,-0.0017848897813154579
127,4,0.0004973200485101942
153,4,-0.003597560367317363
154,4,0.0011943012507331374
181,4,0.0034932610212246315
182,4,-0.0019248889487144974
187,4,0.00018714198112502057
188,4,-0.0008283403157411057
194,4,0.00018714198112502057
198,4,8.020370619643739e-5
1,5,0.014409932546626585
2,5,0.051089760847130614
3,5,0.1192094419766381
5,5,1.942133493366835
6,5,0.2180157430038731
7,5,-0.09749960430435688
8,5,0.18732912310614558
9,5,0.024620819918209552
12,5,0.08028390990263383
14,5,0.041510480397418156
15,5,-0.013043478260869565
19,5,0.043138956656952096
20,5,-0.018101443473618542
22,5,-0.013825205817636892
26,5,0.2180157430038731
29,5,0.024620819918209552
30,5,0.00018714198112502054
53,5,0.041510480397418156
55,5,0.0006635033876250728
56,5,-0.00010550957254245719
76,5,0.043138956656952096
80,5,0.00154817457112517
81,5,-0.00030433613908329343
103,5,0.002432845754625267
107,5,0.0010426481805536861
110,5,-0.0005478956190949217
122,5,-0.09749960430435688
129,5,-0.013043478260869565
131,5,-0.00010550957254245719
132,5,1.4395537009616967e-5
157,5,-0.018101443473618542
161,5,-0.00030433613908329343
162,5,5.103872212500561e-5
180,5,-0.013825205817636892
186,5,0.0001190903516250131
206,5,-0.0005478956190949217
209,5,0.00018714198112502057
213,5,8.020370619643739e-5
1,6,-0.005150324794343752
3,6,0.009977837208415245
4,6,0.0681828426462101
5,6,0.2180157430038731
6,6,1.951302889576883
7,6,0.24845199749997654
9,6,0.16770761816170718
10,6,0.06313692820940636
11,6,0.005797101449275362
13,6,0.1227494075985261
19,6,-0.061306482114222356
21,6,-0.018101443473618542
27,6,0.2180157430038731
30,6,0.009977837208415245
31,6,0.0009267011958685728
32,6,2.2988627374612097e-5
54,6,0.02011097383620184
77,6,0.02633144568676326
80,6,-0.005150324794343752
82,6,-0.00030433613908329343
101,6,0.004812222371786243
106,6,-0.0007485679245000822
111,6,-0.0005478956190949217
123,6,-0.09749960430435688
130,6,-0.005238364534418003
158,6,-0.00883183537521694
161,6,0.0011943012507331374
163,6,5.103872212500561e-5
181,6,-0.009178312556375927
184,6,0.0019075277016087973
204,6,-0.0008283403157411057
210,6,0.00018714198112502057
214,6,8.020370619643739e-5
1,7,0.0011943012507331374
2,7,-0.0017848897813154579
4,7,0.0019718178420611077
5,7,-0.09749960430435688
6,7,0.24845199749997654
7,7,1.4763253241800147
11,7,0.11716941354706799
15,7,0.1182358238225806
16,7,-0.08266564361902784
18,7,0.05088059739888543
20,7,-0.061306482114222356
21,7,0.043138956656952096
23,7,0.018809943375954583
28,7,0.2180157430038731
32,7,0.003392672812256982
56,7,0.008147416125983442
57,7,-0.0026730149429903495
79,7,0.01301298307048355
81,7,-0.005150324794343752
82,7,0.00154817457112517
100,7,-0.0056508634166869045
102,7,0.004812222371786243
105,7,-0.002432845754625267
109,7,-0.0010426481805536861
124,7,-0.09749960430435688
132,7,-0.0017848897813154579
133,7,0.0004973200485101942
160,7,-0.003597560367317363
162,7,0.0011943012507331374
163,7,-0.00030433613908329343
183,7,-0.004710312200115702
185,7,0.0019075277016087973
187,7,-0.0005863902732926824
205,7,-0.0008283403157411057
208,7,0.0005478956190949217
1,8,0.014409932546626585
2,8,0.051089760847130614
3,8,0.1192094419766381
5,8,0.18732912310614558
8,8,1.6967864300563855
9,8,0.20419648265499202
10,8,0.09552712572195877
11,8,-0.10900787150193655
12,8,0.08028390990263383
13,8,0.05217391304347826
17,8,0.07240577389447417
18,8,-0.028065096711647947
22,8,0.01382520581763689
29,8,0.20419648265499202
33,8,0.05217391304347826
34,8,0.00018714198112502054
49,8,0.09552712572195877
58,8,0.07240577389447417
60,8,0.0006635033876250728
61,8,-0.00010550957254245719
86,8,0.00154817457112517
87,8,-0.00030433613908329343
103,8,0.002432845754625267
104,8,-0.0005863902732926824
115,8,0.0010426481805536861
125,8,-0.10900787150193655
134,8,-0.028065096711647947
136,8,-0.00010550957254245719
137,8,1.4395537009616967e-5
167,8,-0.00030433613908329343
168,8,5.103872212500561e-5
180,8,0.01382520581763689
192,8,-0.0005863902732926824
193,8,0.0001190903516250131
209,8,0.00018714198112502057
218,8,8.020370619643739e-5
1,9,-0.006574747429139061
4,9,0.08704013577782194
5,9,0.024620819918209552
6,9,0.16770761816170718
8,9,0.20419648265499202
9,9,1.895270598704775
10,9,0.11746341049038532
11,9,0.19148542155126758
13,9,0.15669814706114762
14,9,0.11027744230836015
15,9,0.014850653283999416
19,9,0.11460367980409526
23,9,-0.03091410001116165
30,9,0.20419648265499202
34,9,0.024620819918209552
35,9,0.0009267011958685728
36,9,2.2988627374612097e-5
50,9,0.09552712572195877
59,9,0.041510480397418156
62,9,0.0026730149429903495
83,9,0.043138956656952096
89,9,-0.00030433613908329343
103,9,-0.006574747429139061
106,9,-0.0005863902732926824
118,9,-0.0005478956190949217
126,9,-0.10900787150193655
135,9,-0.013043478260869565
138,9,-0.0004973200485101942
164,9,-0.018101443473618542
170,9,5.103872212500561e-5
192,9,0.0019075277016087973
195,9,0.0001190903516250131
206,9,0.0019248889487144974
219,9,8.020370619643739e-5
2,10,-0.01301298307048355
3,10,0.02011097383620184
4,10,-0.0487906199490025
6,10,0.06313692820940636
8,10,0.09552712572195877
9,10,0.11746341049038532
10,10,1.6888124242832139
11,10,0.22395160411940412
14,10,0.18884524245927095
16,10,0.014850653283999416
17,10,0.08126605322836201
19,10,-0.12356716511157888
21,10,0.028065096711647947
31,10,0.20419648265499202
35,10,0.009977837208415245
37,10,2.2988627374612097e-5
51,10,0.09552712572195877
60,10,0.02011097383620184
62,10,-0.008147416125983442
64,10,0.00010550957254245719
84,10,0.02633144568676326
86,10,-0.01301298307048355
99,10,0.01952792276652153
101,10,-0.013131419942712675
119,10,-0.0005478956190949217
127,10,-0.10900787150193655
136,10,-0.005238364534418003
138,10,0.0017848897813154579
140,10,-1.4395537009616967e-5
165,10,-0.00883183537521694
167,10,0.003597560367317363
188,10,-0.009178312556375927
190,10,0.004710312200115702
204,10,0.0034932610212246315
211,10,-0.00018714198112502057
220,10,8.020370619643739e-5
1,11,0.0019075277016087973
3,11,-0.005238364534418003
6,11,0.005797101449275362
7,11,0.11716941354706799
8,11,-0.10900787150193655
9,11,0.19148542155126758
10,11,0.22395160411940412
11,11,1.6400990487728269
15,11,0.18884524245927095
16,11,0.11027744230836015
18,11,0.08126605322836201
21,11,-0.07240577389447417
22,11,-0.0499708128069356
32,11,0.20419648265499202
36,11,0.009977837208415245
37,11,0.0009267011958685728
52,11,0.09552712572195877
61,11,0.02011097383620184
64,11,-0.0006635033876250728
85,11,0.02633144568676326
88,11,-0.005150324794343752
100,11,0.01952792276652153
104,11,-0.006574747429139061
106,11,0.002432845754625267
117,11,-0.0010426481805536861
128,11,-0.10900787150193655
137,11,-0.005238364534418003
140,11,0.00010550957254245719
166,11,-0.00883183537521694
169,11,0.0011943012507331374
189,11,-0.009178312556375927
193,11,0.0019075277016087973
195,11,-0.0005863902732926824
207,11,0.0019248889487144974
210,11,-0.0007485679245000822
1,12,0.00617568537712568
2,12,0.02189561179162741
3,12,0.05108976084713062
5,12,0.08028390990263383
8,12,0.08028390990263383
12,12,1.410531363575178
13,12,0.15217391304347827
14,12,0.12268653095236923
15,12,-0.08369565217391305
16,12,-0.03915447016346177
17,12,-0.10559175359610816
18,12,0.0523881805284095
19,12,-0.047222067780861146
20,12,0.04223670143844327
33,12,0.15217391304347827
38,12,0.00018714198112502054
53,12,0.12268653095236923
58,12,-0.10559175359610816
65,12,0.0006635033876250728
66,12,-0.00010550957254245719
76,12,-0.047222067780861146
90,12,0.00154817457112517
91,12,-0.00030433613908329343
107,12,0.002432845754625267
108,12,-0.0005863902732926824
115,12,0.002432845754625267
116,12,-0.0007485679245000822
129,12,-0.08369565217391305
134,12,0.0523881805284095
141,12,-0.00010550957254245719
142,12,1.4395537009616967e-5
152,12,-0.03915447016346177
157,12,0.04223670143844327
171,12,-0.00030433613908329343
172,12,5.103872212500561e-5
196,12,-0.0005863902732926824
197,12,0.0001190903516250131
212,12,-0.0007485679245000822
213,12,0.00018714198112502057
218,12,0.00018714198112502057
1,13,-0.004812222371786243
4,13,0.06370685614126999
6,13,0.1227494075985261
8,13,0.05217391304347826
9,13,0.15669814706114762
12,13,0.15217391304347827
13,13,1.6949879227053137
14,13,0.1908457148147966
15,13,0.12222222222222219
17,13,0.1629129912625669
18,13,0.03367811605397753
23,13,0.04223670143844327
34,13,0.15217391304347827
38,13,0.05217391304347826
39,13,0.0009267011958685728
40,13,2.2988627374612097e-5
54,13,0.12268653095236923
67,13,0.0026730149429903495
83,13,-0.05530082327054757
92,13,0.005150324794343752
94,13,-0.00030433613908329343
111,13,-0.0005863902732926824
115,13,-0.004812222371786243
118,13,-0.0007485679245000822
130,13,-0.08369565217391305
143,13,-0.0004973200485101942
153,13,-0.03915447016346177
164,13,0.03091410001116165
173,13,-0.0011943012507331374
175,13,5.103872212500561e-5
181,13,0.01382520581763689
200,13,0.0001190903516250131
212,13,0.0019248889487144974
215,13,0.00018714198112502057
2,14,-0.013131419942712675
4,14,-0.049234684802509227
5,14,0.041510480397418156
9,14,0.11027744230836015
10,14,0.18884524245927095
12,14,0.12268653095236923
13,14,0.1908457148147966
14,14,1.6627340676926756
15,14,0.22395160411940412
16,14,0.19148542155126758
17,14,0.08200569125836946
19,14,0.19322077086723743
20,14,0.03367811605397753
23,14,0.0523881805284095
35,14,0.15217391304347827
39,14,0.024620819918209552
41,14,0.003392672812256982
42,14,2.2988627374612097e-5
55,14,0.12268653095236923
65,14,0.041510480397418156
70,14,0.00010550957254245719
92,14,-0.01301298307048355
99,14,-0.018809943375954583
107,14,-0.013131419942712675
112,14,-0.0005863902732926824
131,14,-0.08369565217391305
141,14,-0.013043478260869565
146,14,-1.4395537009616967e-5
154,14,-0.03915447016346177
173,14,0.003597560367317363
188,14,0.013825205817636892
196,14,0.004710312200115702
201,14,0.0001190903516250131
221,14,-0.00018714198112502057
1,15,0.0019248889487144974
5,15,-0.013043478260869565
7,15,0.1182358238225806
9,15,0.014850653283999416
11,15,0.18884524245927095
12,15,-0.08369565217391305
13,15,0.12222222222222219
14,15,0.22395160411940412
15,15,1.629797452924724
16,15,0.11746341049038532
18,15,0.08200569125836946
20,15,0.1629129912625669
22,15,0.12442685235873202
23,15,-0.10559175359610816
36,15,0.15217391304347827
40,15,0.024620819918209552
42,15,0.0009267011958685728
56,15,0.12268653095236923
66,15,0.041510480397418156
69,15,0.0026730149429903495
70,15,-0.0006635033876250728
95,15,-0.00154817457112517
100,15,-0.018809943375954583
110,15,-0.006574747429139061
116,15,-0.004812222371786243
118,15,0.002432845754625267
132,15,-0.08369565217391305
142,15,-0.013043478260869565
145,15,-0.0004973200485101942
146,15,0.00010550957254245719
155,15,-0.03915447016346177
176,15,0.00030433613908329343
189,15,0.013825205817636892
199,15,0.0019075277016087973
213,15,0.0019248889487144974
215,15,-0.0007485679245000822
219,15,-0.0005478956190949217
2,16,0.004710312200115702
3,16,-0.00883183537521694
7,16,-0.08266564361902784
10,16,0.014850653283999416
11,16,0.11027744230836015
12,16,-0.03915447016346177
14,16,0.19148542155126758
15,16,0.11746341049038532
16,16,1.7178981394235797
20,16,0.16178739643854767
21,16,0.09586055474871703
22,16,-0.08425033984880378
37,16,0.15217391304347827
42,16,0.009977837208415245
43,16,0.00018714198112502054
57,16,0.12268653095236923
68,16,0.02011097383620184
69,16,-0.008147416125983442
91,16,0.02633144568676326
93,16,-0.01301298307048355
108,16,-0.013131419942712675
112,16,0.002432845754625267
119,16,0.002432845754625267
133,16,-0.08369565217391305
144,16,-0.005238364534418003
145,16,0.0017848897813154579
156,16,-0.03915447016346177
172,16,-0.00883183537521694
174,16,0.003597560367317363
197,16,0.004710312200115702
201,16,-0.0005863902732926824
205,16,0.004002033263000152
216,16,-0.0007485679245000822
220,16,-0.0005478956190949217
2,17,-0.0056508634166869045
4,17,-0.021187234921765517
8,17,0.07240577389447417
10,17,0.08126605322836201
12,17,-0.10559175359610816
13,17,0.1629129912625669
14,17,0.08200569125836946
17,17,1.5221685661297313
18,17,0.22395160411940412
19,17,0.09830057292390378
20,17,0.12222222222222219
21,17,0.10900787150193655
23,17,-0.08369565217391305
39,17,0.09586055474871703
44,17,0.003392672812256982
45,17,2.2988627374612097e-5
60,17,0.10559175359610816
65,17,-0.07240577389447417
71,17,0.008147416125983442
73,17,0.00010550957254245719
78,17,0.047222067780861146
84,17,-0.05530082327054757
114,17,-0.0005863902732926824
115,17,0.0056508634166869045
120,17,-0.0007485679245000822
136,17,-0.0523881805284095
141,17,0.028065096711647947
147,17,-0.0017848897813154579
149,17,-1.4395537009616967e-5
159,17,-0.04223670143844327
165,17,0.03091410001116165
182,17,0.01382520581763689
203,17,0.0001190903516250131
212,17,-0.0034932610212246315
217,17,0.00018714198112502057
1,18,0.0008283403157411057
7,18,0.05088059739888543
8,18,-0.028065096711647947
11,18,0.08126605322836201
12,18,0.0523881805284095
13,18,0.03367811605397753
15,18,0.08200569125836946
17,18,0.22395160411940412
18,18,1.446052444623921
20,18,0.1908457148147966
21,18,-0.09552712572195877
22,18,-0.08924131981599595
23,18,0.12268653095236923
40,18,0.09586055474871703
45,18,0.0009267011958685728
61,18,0.10559175359610816
66,18,-0.07240577389447417
72,18,0.0026730149429903495
73,18,-0.0006635033876250728
79,18,0.047222067780861146
85,18,-0.05530082327054757
96,18,0.005150324794343752
97,18,-0.00154817457112517
113,18,-0.002432845754625267
137,18,-0.0523881805284095
142,18,0.028065096711647947
148,18,-0.0004973200485101942
149,18,0.00010550957254245719
160,18,-0.04223670143844327
166,18,0.03091410001116165
177,18,-0.0011943012507331374
178,18,0.00030433613908329343
183,18,0.01382520581763689
202,18,0.0005863902732926824
218,18,-0.0008283403157411057
3,19,-0.01952792276652153
5,19,0.043138956656952096
6,19,-0.061306482114222356
9,19,0.11460367980409526
10,19,-0.12356716511157888
12,19,-0.047222067780861146
14,19,0.19322077086723743
17,19,0.09830057292390378
19,19,1.3137264249712086
20,19,0.24845199749997654
21,19,-0.09749960430435688
22,19,0.06806549421833066
41,19,0.09586055474871703
44,19,0.024620819918209552
46,19,2.2988627374612097e-5
62,19,0.10559175359610816
71,19,-0.02011097383620184
74,19,0.00010550957254245719
80,19,0.047222067780861146
90,19,-0.043138956656952096
98,19,0.00030433613908329343
101,19,-0.018809943375954583
107,19,0.01952792276652153
121,19,0.0005478956190949217
138,19,-0.0523881805284095
147,19,0.005238364534418003
150,19,-1.4395537009616967e-5
161,19,-0.04223670143844327
171,19,0.018101443473618542
179,19,-5.103872212500561e-5
190,19,0.013825205817636892
196,19,-0.009178312556375927
206,19,-0.004002033263000152
222,19,-0.00018714198112502057
2,20,0.0034932610212246315
5,20,-0.018101443473618542
7,20,-0.061306482114222356
12,20,0.04223670143844327
14,20,0.03367811605397753
15,20,0.1629129912625669
16,20,0.16178739643854767
17,20,0.12222222222222219
18,20,0.1908457148147966
19,20,0.24845199749997654
20,20,1.6940613735959673
21,20,0.2180157430038731
22,20,0.17267676531717654
23,20,0.15217391304347827
42,20,0.09586055474871703
45,20,0.024620819918209552
46,20,0.003392672812256982
47,20,0.00018714198112502054
63,20,0.10559175359610816
81,20,0.047222067780861146
91,20,-0.043138956656952096
96,20,-0.01301298307048355
98,20,-0.00154817457112517
102,20,-0.018809943375954583
116,20,0.0056508634166869045
120,20,0.002432845754625267
139,20,-0.0523881805284095
162,20,-0.04223670143844327
172,20,0.018101443473618542
177,20,0.003597560367317363
179,20,0.00030433613908329343
191,20,0.013825205817636892
213,20,-0.0034932610212246315
217,20,-0.0007485679245000822
4,21,0.009178312556375927
6,21,-0.018101443473618542
7,21,0.043138956656952096
10,21,0.028065096711647947
11,21,-0.07240577389447417
16,21,0.09586055474871703
17,21,0.10900787150193655
18,21,-0.09552712572195877
19,21,-0.09749960430435688
20,21,0.2180157430038731
21,21,1.5023657289002554
23,21,0.08755552150384377
43,21,0.09586055474871703
47,21,0.009977837208415245
64,21,0.10559175359610816
73,21,0.02011097383620184
74,21,-0.008147416125983442
82,21,0.047222067780861146
97,21,-0.01301298307048355
98,21,0.005150324794343752
109,21,-0.01952792276652153
114,21,0.006574747429139061
117,21,0.0056508634166869045
140,21,-0.0523881805284095
149,21,-0.005238364534418003
150,21,0.0017848897813154579
163,21,-0.04223670143844327
178,21,0.003597560367317363
179,21,-0.0011943012507331374
198,21,0.009178312556375927
203,21,-0.0019075277016087973
208,21,0.004002033263000152
214,21,-0.0034932610212246315
220,21,0.0008283403157411057
3,22,0.004002033263000152
5,22,-0.013825205817636892
8,22,0.01382520581763689
11,22,-0.0499708128069356
15,22,0.12442685235873202
16,22,-0.08425033984880378
18,22,-0.08924131981599595
19,22,0.06806549421833066
20,22,0.17267676531717654
22,22,1.4664148382465112
23,22,0.15275252316519464
46,22,0.05217391304347826
48,22,0.00018714198112502054
69,22,0.07240577389447417
72,22,-0.041510480397418156
75,22,0.0006635033876250728
88,22,0.05530082327054757
93,22,-0.043138956656952096
96,22,0.02633144568676326
104,22,-0.018809943375954583
110,22,0.01952792276652153
121,22,-0.0010426481805536861
145,22,-0.028065096711647947
148,22,0.013043478260869565
151,22,-0.00010550957254245719
169,22,-0.03091410001116165
174,22,0.018101443473618542
177,22,-0.00883183537521694
186,22,-0.01382520581763689
193,22,0.013825205817636892
199,22,-0.009178312556375927
209,22,-0.004002033263000152
222,22,0.0005478956190949217
4,23,0.004002033263000152
7,23,0.018809943375954583
9,23,-0.03091410001116165
13,23,0.04223670143844327
14,23,0.0523881805284095
15,23,-0.10559175359610816
17,23,-0.08369565217391305
18,23,0.12268653095236923
20,23,0.15217391304347827
21,23,0.08755552150384377
22,23,0.15275252316519464
23,23,1.5169093342905429
47,23,0.05217391304347826
48,23,0.003392672812256982
70,23,0.07240577389447417
73,23,-0.041510480397418156
75,23,-0.0026730149429903495
89,23,0.05530082327054757
94,23,-0.043138956656952096
105,23,-0.018809943375954583
113,23,0.013131419942712675
118,23,0.0056508634166869045
120,23,-0.004812222371786243
146,23,-0.028065096711647947
149,23,0.013043478260869565
151,23,0.0004973200485101942
170,23,-0.03091410001116165
175,23,0.018101443473618542
187,23,-0.01382520581763689
194,23,0.013825205817636892
202,23,-0.004710312200115702
215,23,-0.0034932610212246315
217,23,0.0019248889487144974
221,23,0.0008283403157411057
1,24,-0.0026730149429903495
2,24,0.003392672812256982
3,24,0.15275252316519464
24,24,2.01086863044226
25,24,0.15275252316519464
26,24,0.0681828426462101
27,24,0.003392672812256982
29,24,0.08704013577782194
31,24,0.008147416125983442
32,24,-0.0017848897813154579
33,24,0.06370685614126999
37,24,-0.003597560367317363
41,24,-0.013131419942712675
44,24,-0.0056508634166869045
46,24,0.0034932610212246315
49,24,-0.0487906199490025
51,24,-0.0026730149429903495
52,24,0.0004973200485101942
53,24,-0.049234684802509227
57,24,0.0011943012507331374
58,24,-0.021187234921765517
62,24,0.006574747429139061
67,24,0.004812222371786243
69,24,-0.0019248889487144974
72,24,-0.0008283403157411057
122,24,0.0019718178420611077
123,24,2.2988627374612097e-5
223,24,0.009178312556375927
227,24,-0.0005863902732926824
230,24,0.004002033263000152
234,24,-0.0007485679245000822
236,24,0.00018714198112502057
240,24,-0.0005478956190949217
243,24,0.00018714198112502057
247,24,8.020370619643739e-5
1,25,0.0006635033876250728
2,25,0.00018714198112502054
4,25,0.15275252316519464
24,25,0.15275252316519464
25,25,1.9015687396239955
27,25,0.03251166599362857
28,25,0.000568540040045713
30,25,0.051089760847130614
31,25,-0.02363814762190417
34,25,0.051089760847130614
35,25,-0.03017573774714276
38,25,0.02189561179162741
39,25,-0.022086378501534318
43,25,0.004710312200115702
47,25,0.0034932610212246315
50,25,-0.02363814762190417
51,25,0.009169957075126009
54,25,-0.03017573774714276
55,25,0.014409932546626585
59,25,-0.022086378501534318
60,25,0.014409932546626585
64,25,-0.0019075277016087973
65,25,0.00617568537712568
70,25,-0.0019248889487144974
73,25,-0.0008283403157411057
123,25,0.000568540040045713
124,25,2.430415339285981e-6
224,25,0.004710312200115702
225,25,-0.0019075277016087973
229,25,0.0001190903516250131
231,25,0.0034932610212246315
232,25,-0.0019248889487144974
237,25,0.00018714198112502057
238,25,-0.0008283403157411057
244,25,0.00018714198112502057
248,25,8.020370619643739e-5
1,26,-0.005150324794343752
3,26,0.009977837208415245
5,26,0.2180157430038731
24,26,0.0681828426462101
26,26,1.951302889576883
27,26,0.2180157430038731
28,26,-0.09749960430435688
29,26,0.16770761816170718
30,26,0.009977837208415245
33,26,0.1227494075985261
35,26,0.02011097383620184
36,26,-0.005238364534418003
41,26,0.02633144568676326
42,26,-0.00883183537521694
46,26,-0.009178312556375927
49,26,0.06313692820940636
50,26,0.0009267011958685728
76,26,-0.061306482114222356
80,26,-0.005150324794343752
81,26,0.0011943012507331374
88,26,0.0019075277016087973
92,26,0.004812222371786243
96,26,-0.0008283403157411057
122,26,0.24845199749997654
125,26,0.005797101449275362
126,26,2.2988627374612097e-5
223,26,-0.018101443473618542
227,26,-0.00030433613908329343
228,26,5.103872212500561e-5
259,26,-0.0007485679245000822
265,26,-0.0005478956190949217
268,26,0.00018714198112502057
272,26,8.020370619643739e-5
1,27,0.00154817457112517
3,27,0.00018714198112502054
4,27,0.003392672812256982
6,27,0.2180157430038731
24,27,0.003392672812256982
25,27,0.03251166599362857
26,27,0.2180157430038731
27,27,1.9366213113773347
28,27,0.24845199749997654
30,27,0.1192094419766381
31,27,0.030547760003691533
32,27,0.0019718178420611077
34,27,0.1192094419766381
38,27,0.05108976084713062
41,27,-0.049234684802509227
43,27,-0.00883183537521694
44,27,-0.021187234921765517
48,27,0.004002033263000152
50,27,0.030547760003691533
51,27,0.003929981603625432
52,27,0.00013264060548194621
77,27,-0.049234684802509227
80,27,0.014409932546626585
82,27,0.0011943012507331374
83,27,-0.021187234921765517
86,27,0.014409932546626585
90,27,0.00617568537712568
95,27,-0.0019248889487144974
97,27,-0.0008283403157411057
123,27,0.24845199749997654
126,27,0.0019718178420611077
127,27,0.00013264060548194621
128,27,2.430415339285981e-6
224,27,-0.00883183537521694
227,27,0.0011943012507331374
229,27,5.103872212500561e-5
254,27,0.004002033263000152
257,27,-0.0019248889487144974
262,27,0.00018714198112502057
263,27,-0.0008283403157411057
269,27,0.00018714198112502057
273,27,8.020370619643739e-5
1,28,-0.00030433613908329343
4,28,2.2988627374612097e-5
7,28,0.2180157430038731
25,28,0.000568540040045713
26,28,-0.09749960430435688
27,28,0.24845199749997654
28,28,1.4680839727195223
32,28,0.0681828426462101
36,28,0.08704013577782194
37,28,-0.0487906199490025
40,28,0.06370685614126999
42,28,-0.049234684802509227
43,28,0.02633144568676326
45,28,-0.021187234921765517
47,28,0.01952792276652153
52,28,0.01226818197705774
79,28,-0.03017573774714276
81,28,0.014409932546626585
82,28,-0.005150324794343752
85,28,-0.022086378501534318
87,28,0.014409932546626585
89,28,-0.006574747429139061
91,28,0.00617568537712568
94,28,-0.004812222371786243
124,28,0.24845199749997654
128,28,0.000568540040045713
226,28,-0.003597560367317363
228,28,0.0011943012507331374
229,28,-0.00030433613908329343
256,28,0.0034932610212246315
258,28,-0.0019248889487144974
261,28,0.0007485679245000822
264,28,-0.0008283403157411057
267,28,0.0005478956190949217
1,29,-0.006574747429139061
5,29,0.024620819918209552
8,29,0.20419648265499202
24,29,0.08704013577782194
26,29,0.16770761816170718
29,29,1.895270598704775
30,29,0.20419648265499202
31,29,0.09552712572195877
32,29,-0.10900787150193655
33,29,0.15669814706114762
34,29,0.024620819918209552
39,29,0.041510480397418156
40,29,-0.013043478260869565
44,29,0.043138956656952096
45,29,-0.018101443473618542
49,29,0.11746341049038532
53,29,0.11027744230836015
54,29,0.0009267011958685728
76,29,0.11460367980409526
78,29,0.0026730149429903495
79,29,-0.0004973200485101942
103,29,-0.006574747429139061
104,29,0.0019075277016087973
110,29,0.0019248889487144974
125,29,0.19148542155126758
129,29,0.014850653283999416
130,29,2.2988627374612097e-5
230,29,-0.03091410001116165
234,29,-0.00030433613908329343
235,29,5.103872212500561e-5
259,29,-0.0005863902732926824
260,29,0.0001190903516250131
280,29,-0.0005478956190949217
285,29,8.020370619643739e-5
1,30,0.002432845754625267
5,30,0.00018714198112502054
6,30,0.009977837208415245
9,30,0.20419648265499202
25,30,0.051089760847130614
26,30,0.009977837208415245
27,30,0.1192094419766381
29,30,0.20419648265499202
30,30,2.000642938334754
31,30,0.11746341049038532
32,30,0.19148542155126758
34,30,0.18732912310614558
35,30,0.06313692820940636
36,30,0.005797101449275362
38,30,0.08028390990263383
41,30,0.08266564361902784
47,30,-0.018101443473618542
48,30,-0.013825205817636892
50,30,0.11746341049038532
54,30,0.06313692820940636
55,30,0.003929981603625432
56,30,0.00013264060548194621
77,30,0.08266564361902784
80,30,0.009169957075126009
103,30,0.014409932546626585
106,30,0.0019075277016087973
107,30,0.00617568537712568
113,30,-0.0008283403157411057
126,30,0.19148542155126758
130,30,0.005797101449275362
131,30,0.00013264060548194621
132,30,2.430415339285981e-6
231,30,-0.018101443473618542
237,30,5.103872212500561e-5
254,30,-0.013825205817636892
259,30,0.0019075277016087973
262,30,0.0001190903516250131
277,30,-0.0008283403157411057
283,30,0.00018714198112502057
286,30,8.020370619643739e-5
6,31,0.0009267011958685728
10,31,0.20419648265499202
24,31,0.008147416125983442
25,31,-0.02363814762190417
27,31,0.030547760003691533
29,31,0.09552712572195877
30,31,0.11746341049038532
31,31,1.7352913133216665
32,31,0.22395160411940412
35,31,0.16770761816170718
37,31,0.005797101449275362
39,31,0.1227494075985261
41,31,-0.1182358238225806
43,31,0.013043478260869565
44,31,-0.05088059739888543
51,31,0.11746341049038532
55,31,0.030547760003691533
57,31,0.00013264060548194621
78,31,0.0487906199490025
80,31,-0.02363814762190417
82,31,0.0004973200485101942
99,31,-0.021187234921765517
101,31,0.022086378501534318
112,31,-0.0019248889487144974
114,31,-0.0008283403157411057
127,31,0.19148542155126758
131,31,0.0019718178420611077
133,31,2.430415339285981e-6
232,31,-0.00883183537521694
234,31,0.003597560367317363
255,31,-0.009178312556375927
257,31,0.004710312200115702
284,31,0.00018714198112502057
287,31,8.020370619643739e-5
1,32,-0.0005863902732926824
6,32,2.2988627374612097e-5
7,32,0.003392672812256982
11,32,0.20419648265499202
24,32,-0.0017848897813154579
27,32,0.0019718178420611077
28,32,0.0681828426462101
29,32,-0.10900787150193655
30,32,0.19148542155126758
31,32,0.22395160411940412
32,32,1.6930809814391048
36,32,0.16770761816170718
37,32,0.06313692820940636
40,32,0.1227494075985261
43,32,-0.041510480397418156
46,32,-0.061306482114222356
48,32,0.018809943375954583
52,32,0.11746341049038532
56,32,0.030547760003691533
57,32,0.003929981603625432
79,32,0.0487906199490025
82,32,-0.0026730149429903495
100,32,-0.021187234921765517
104,32,0.014409932546626585
106,32,-0.006574747429139061
108,32,0.00617568537712568
111,32,-0.004812222371786243
128,32,0.19148542155126758
132,32,0.0019718178420611077
133,32,0.00013264060548194621
233,32,-0.00883183537521694
236,32,0.0011943012507331374
256,32,-0.009178312556375927
260,32,0.0019075277016087973
262,32,-0.0005863902732926824
278,32,-0.0008283403157411057
282,32,0.0005478956190949217
1,33,-0.004812222371786243
8,33,0.05217391304347826
12,33,0.15217391304347827
24,33,0.06370685614126999
26,33,0.1227494075985261
29,33,0.15669814706114762
33,33,1.6949879227053137
34,33,0.15217391304347827
35,33,0.12268653095236923
36,33,-0.08369565217391305
37,33,-0.03915447016346177
38,33,0.05217391304347826
44,33,-0.05530082327054757
45,33,0.03091410001116165
46,33,0.01382520581763689
53,33,0.1908457148147966
58,33,0.1629129912625669
59,33,0.0009267011958685728
84,33,0.0026730149429903495
85,33,-0.0004973200485101942
101,33,0.005150324794343752
102,33,-0.0011943012507331374
115,33,-0.004812222371786243
116,33,0.0019248889487144974
129,33,0.12222222222222219
134,33,0.03367811605397753
135,33,2.2988627374612097e-5
230,33,0.04223670143844327
240,33,-0.00030433613908329343
241,33,5.103872212500561e-5
265,33,-0.0005863902732926824
266,33,0.0001190903516250131
280,33,-0.0007485679245000822
281,33,0.00018714198112502057
1,34,0.002432845754625267
8,34,0.00018714198112502054
9,34,0.024620819918209552
13,34,0.15217391304347827
25,34,0.051089760847130614
27,34,0.1192094419766381
29,34,0.024620819918209552
30,34,0.18732912310614558
33,34,0.15217391304347827
34,34,1.9236406500052343
35,34,0.1908457148147966
36,34,0.12222222222222219
38,34,0.08028390990263383
39,34,0.11027744230836015
40,34,0.014850653283999416
44,34,0.11460367980409526
48,34,0.01382520581763689
54,34,0.1908457148147966
59,34,0.11027744230836015
60,34,0.003929981603625432
61,34,0.00013264060548194621
83,34,0.11460367980409526
86,34,0.009169957075126009
103,34,0.014409932546626585
105,34,-0.0011943012507331374
115,34,0.00617568537712568
118,34,0.0019248889487144974
130,34,0.12222222222222219
135,34,0.014850653283999416
136,34,0.00013264060548194621
137,34,2.430415339285981e-6
242,34,-0.0011943012507331374
244,34,5.103872212500561e-5
254,34,0.01382520581763689
269,34,0.0001190903516250131
280,34,0.0019248889487144974
283,34,0.00018714198112502057
290,34,8.020370619643739e-5
9,35,0.0009267011958685728
10,35,0.009977837208415245
14,35,0.15217391304347827
25,35,-0.03017573774714276
26,35,0.02011097383620184
30,35,0.06313692820940636
31,35,0.16770761816170718
33,35,0.12268653095236923
34,35,0.1908457148147966
35,35,1.8178674787992997
36,35,0.22395160411940412
37,35,0.19148542155126758
39,35,0.15669814706114762
41,35,0.16661793144639842
42,35,0.014850653283999416
47,35,0.028065096711647947
55,35,0.1908457148147966
60,35,0.06313692820940636
62,35,0.01226818197705774
63,35,0.00013264060548194621
84,35,0.08266564361902784
89,35,0.0004973200485101942
99,35,0.061306482114222356
103,35,-0.03017573774714276
120,35,-0.0008283403157411057
131,35,0.12222222222222219
136,35,0.005797101449275362
138,35,0.000568540040045713
139,35,2.430415339285981e-6
238,35,-0.018101443473618542
242,35,0.003597560367317363
265,35,0.004710312200115702
270,35,0.0001190903516250131
277,35,0.0034932610212246315
291,35,8.020370619643739e-5
1,36,-0.0007485679245000822
9,36,2.2988627374612097e-5
11,36,0.009977837208415245
15,36,0.15217391304347827
26,36,-0.005238364534418003
28,36,0.08704013577782194
30,36,0.005797101449275362
32,36,0.16770761816170718
33,36,-0.08369565217391305
34,36,0.12222222222222219
35,36,0.22395160411940412
36,36,1.76903968681294
37,36,0.11746341049038532
40,36,0.15669814706114762
42,36,0.11027744230836015
46,36,0.11460367980409526
47,36,-0.07240577389447417
48,36,-0.05530082327054757
56,36,0.1908457148147966
61,36,0.06313692820940636
63,36,0.003929981603625432
85,36,0.08266564361902784
88,36,0.009169957075126009
89,36,-0.0026730149429903495
100,36,0.061306482114222356
106,36,-0.005150324794343752
116,36,0.00617568537712568
118,36,-0.004812222371786243
132,36,0.12222222222222219
137,36,0.005797101449275362
139,36,0.00013264060548194621
239,36,-0.018101443473618542
245,36,0.00030433613908329343
268,36,0.0019075277016087973
281,36,0.0019248889487144974
283,36,-0.0007485679245000822
10,37,2.2988627374612097e-5
11,37,0.0009267011958685728
16,37,0.15217391304347827
24,37,-0.003597560367317363
28,37,-0.0487906199490025
31,37,0.005797101449275362
32,37,0.06313692820940636
33,37,-0.03915447016346177
35,37,0.19148542155126758
36,37,0.11746341049038532
37,37,1.7858418958735283
42,37,0.18884524245927095
43,37,0.05217391304347826
45,37,0.08126605322836201
46,37,-0.12356716511157888
57,37,0.1908457148147966
63,37,0.030547760003691533
64,37,0.0009267011958685728
87,37,0.0487906199490025
88,37,-0.02363814762190417
102,37,0.049234684802509227
104,37,-0.03017573774714276
119,37,-0.004812222371786243
133,37,0.12222222222222219
139,37,0.0019718178420611077
140,37,2.2988627374612097e-5
241,37,-0.00883183537521694
243,37,0.003597560367317363
264,37,-0.009178312556375927
266,37,0.004710312200115702
270,37,-0.0005863902732926824
278,37,0.0034932610212246315
284,37,-0.0007485679245000822
1,38,0.0010426481805536861
12,38,0.00018714198112502054
13,38,0.05217391304347826
25,38,0.02189561179162741
27,38,0.05108976084713062
30,38,0.08028390990263383
33,38,0.05217391304347826
34,38,0.08028390990263383
38,38,1.7116418764302055
39,38,0.19954965751036596
40,38,0.06806549421833066
41,38,0.08924131981599595
43,38,-0.03915447016346177
44,38,-0.12442685235873202
47,38,0.04223670143844327
59,38,0.19954965751036596
65,38,0.003929981603625432
66,38,0.00013264060548194621
77,38,0.08924131981599595
83,38,-0.12442685235873202
90,38,0.009169957075126009
107,38,0.014409932546626585
109,38,-0.0011943012507331374
115,38,0.014409932546626585
117,38,-0.0019075277016087973
135,38,0.06806549421833066
141,38,0.00013264060548194621
142,38,2.430415339285981e-6
224,38,-0.03915447016346177
231,38,0.04223670143844327
246,38,-0.0011943012507331374
248,38,5.103872212500561e-5
271,38,-0.0019075277016087973
273,38,0.0001190903516250131
286,38,0.00018714198112502057
290,38,0.00018714198112502057
13,39,0.0009267011958685728
14,39,0.024620819918209552
17,39,0.09586055474871703
25,39,-0.022086378501534318
29,39,0.041510480397418156
31,39,0.1227494075985261
34,39,0.11027744230836015
35,39,0.15669814706114762
38,39,0.19954965751036596
39,39,1.7374297049101863
40,39,0.22395160411940412
41,39,0.09830057292390378
42,39,0.12222222222222219
43,39,0.10900787150193655
44,39,0.19322077086723743
45,39,0.03367811605397753
60,39,0.19954965751036596
65,39,0.11027744230836015
67,39,0.01226818197705774
68,39,0.00013264060548194621
78,39,0.08924131981599595
92,39,0.02363814762190417
94,39,0.0004973200485101942
99,39,-0.0499708128069356
115,39,-0.022086378501534318
119,39,-0.0019075277016087973
136,39,0.06806549421833066
141,39,0.014850653283999416
143,39,0.000568540040045713
144,39,2.430415339285981e-6
225,39,-0.03915447016346177
238,39,0.03091410001116165
255,39,0.01382520581763689
271,39,0.004710312200115702
275,39,0.0001190903516250131
288,39,0.00018714198112502057
1,40,-0.0005478956190949217
13,40,2.2988627374612097e-5
15,40,0.024620819918209552
18,40,0.09586055474871703
28,40,0.06370685614126999
29,40,-0.013043478260869565
32,40,0.1227494075985261
34,40,0.014850653283999416
36,40,0.15669814706114762
38,40,0.06806549421833066
39,40,0.22395160411940412
40,40,1.6046202195599821
42,40,0.1908457148147966
43,40,-0.09552712572195877
45,40,0.1629129912625669
48,40,0.047222067780861146
61,40,0.19954965751036596
66,40,0.11027744230836015
68,40,0.003929981603625432
79,40,0.08924131981599595
93,40,0.009169957075126009
94,40,-0.0026730149429903495
100,40,-0.0499708128069356
110,40,0.014409932546626585
111,40,-0.005150324794343752
118,40,-0.006574747429139061
137,40,0.06806549421833066
142,40,0.014850653283999416
144,40,0.00013264060548194621
226,40,-0.03915447016346177
239,40,0.03091410001116165
249,40,-0.0011943012507331374
250,40,0.00030433613908329343
256,40,0.01382520581763689
274,40,0.0005863902732926824
285,40,0.0019248889487144974
290,40,-0.0005478956190949217
14,41,0.003392672812256982
19,41,0.09586055474871703
24,41,-0.013131419942712675
26,41,0.02633144568676326
27,41,-0.049234684802509227
30,41,0.08266564361902784
31,41,-0.1182358238225806
35,41,0.16661793144639842
38,41,0.08924131981599595
39,41,0.09830057292390378
41,41,1.5637095990188599
42,41,0.24845199749997654
43,41,-0.09749960430435688
44,41,0.08200569125836946
46,41,0.03367811605397753
48,41,0.0523881805284095
62,41,0.19954965751036596
67,41,0.06313692820940636
69,41,0.00013264060548194621
80,41,0.08924131981599595
90,41,0.08266564361902784
92,41,-0.0487906199490025
95,41,0.0004973200485101942
107,41,-0.049234684802509227
112,41,0.0011943012507331374
121,41,-0.0008283403157411057
138,41,0.06806549421833066
143,41,0.005797101449275362
145,41,2.430415339285981e-6
227,41,-0.03915447016346177
246,41,0.00883183537521694
251,41,-5.103872212500561e-5
263,41,0.013825205817636892
277,41,-0.004002033263000152
292,41,-0.00018714198112502057
14,42,2.2988627374612097e-5
15,42,0.0009267011958685728
16,42,0.009977837208415245
20,42,0.09586055474871703
26,42,-0.00883183537521694
28,42,-0.049234684802509227
35,42,0.014850653283999416
36,42,0.11027744230836015
37,42,0.18884524245927095
39,42,0.12222222222222219
40,42,0.1908457148147966
41,42,0.24845199749997654
42,42,1.8496937676672498
43,42,0.2180157430038731
45,42,0.08200569125836946
46,42,0.19322077086723743
47,42,0.09586055474871703
63,42,0.19954965751036596
68,42,0.06313692820940636
69,42,0.01226818197705774
70,42,0.0009267011958685728
81,42,0.08924131981599595
91,42,0.08266564361902784
110,42,-0.03017573774714276
112,42,-0.005150324794343752
116,42,-0.022086378501534318
139,42,0.06806549421833066
144,42,0.005797101449275362
145,42,0.000568540040045713
146,42,2.2988627374612097e-5
228,42,-0.03915447016346177
249,42,0.003597560367317363
251,42,0.00030433613908329343
264,42,0.013825205817636892
272,42,0.004710312200115702
288,42,-0.0007485679245000822
291,42,-0.0005478956190949217
16,43,0.00018714198112502054
21,43,0.09586055474871703
25,43,0.004710312200115702
27,43,-0.00883183537521694
28,43,0.02633144568676326
31,43,0.013043478260869565
32,43,-0.041510480397418156
37,43,0.05217391304347826
38,43,-0.03915447016346177
39,43,0.10900787150193655
40,43,-0.09552712572195877
41,43,-0.09749960430435688
42,43,0.2180157430038731
43,43,1.576326819820224
47,43,0.16178739643854767
48,43,-0.08425033984880378
64,43,0.19954965751036596
70,43,0.030547760003691533
82,43,0.08924131981599595
94,43,0.0487906199490025
95,43,-0.02363814762190417
109,43,0.049234684802509227
111,43,-0.03017573774714276
112,43,0.014409932546626585
117,43,-0.022086378501534318
119,43,0.014409932546626585
140,43,0.06806549421833066
146,43,0.0019718178420611077
229,43,-0.03915447016346177
248,43,-0.00883183537521694
250,43,0.003597560367317363
251,43,-0.0011943012507331374
273,43,0.004710312200115702
275,43,-0.0019075277016087973
279,43,0.004002033263000152
287,43,-0.0019248889487144974
17,44,0.003392672812256982
19,44,0.024620819918209552
24,44,-0.0056508634166869045
27,44,-0.021187234921765517
29,44,0.043138956656952096
31,44,-0.05088059739888543
33,44,-0.05530082327054757
34,44,0.11460367980409526
38,44,-0.12442685235873202
39,44,0.19322077086723743
41,44,0.08200569125836946
44,44,1.3911074841836044
45,44,0.24845199749997654
46,44,0.12222222222222219
48,44,-0.08369565217391305
67,44,0.1629129912625669
71,44,0.030547760003691533
72,44,0.00013264060548194621
86,44,0.12442685235873202
90,44,-0.11460367980409526
97,44,0.0004973200485101942
101,44,-0.0499708128069356
114,44,0.0011943012507331374
115,44,0.021187234921765517
121,44,-0.0019248889487144974
143,44,0.03367811605397753
147,44,0.0019718178420611077
148,44,2.430415339285981e-6
234,44,-0.04223670143844327
240,44,0.03091410001116165
253,44,-5.103872212500561e-5
257,44,0.01382520581763689
271,44,-0.009178312556375927
280,44,-0.004002033263000152
289,44,0.00018714198112502057
17,45,2.2988627374612097e-5
18,45,0.0009267011958685728
20,45,0.024620819918209552
28,45,-0.021187234921765517
29,45,-0.018101443473618542
33,45,0.03091410001116165
37,45,0.08126605322836201
39,45,0.03367811605397753
40,45,0.1629129912625669
42,45,0.08200569125836946
44,45,0.24845199749997654
45,45,1.7261508951406643
46,45,0.09830057292390378
47,45,0.20419648265499202
68,45,0.1629129912625669
72,45,0.01226818197705774
73,45,0.0009267011958685728
87,45,0.12442685235873202
91,45,-0.11460367980409526
96,45,0.02363814762190417
102,45,-0.0499708128069356
114,45,-0.005150324794343752
120,45,-0.006574747429139061
144,45,0.03367811605397753
148,45,0.000568540040045713
149,45,2.2988627374612097e-5
235,45,-0.04223670143844327
241,45,0.03091410001116165
253,45,0.00030433613908329343
258,45,0.01382520581763689
276,45,0.0005863902732926824
285,45,-0.0034932610212246315
19,46,2.2988627374612097e-5
20,46,0.003392672812256982
22,46,0.05217391304347826
24,46,0.0034932610212246315
26,46,-0.009178312556375927
32,46,-0.061306482114222356
33,46,0.01382520581763689
36,46,0.11460367980409526
37,46,-0.12356716511157888
41,46,0.03367811605397753
42,46,0.19322077086723743
44,46,0.12222222222222219
45,46,0.09830057292390378
46,46,1.68212149085416
47,46,0.15275252316519464
48,46,0.15217391304347827
69,46,0.1629129912625669
72,46,0.06313692820940636
74,46,0.0009267011958685728
88,46,0.12442685235873202
96,46,-0.0487906199490025
98,46,0.0026730149429903495
108,46,-0.061306482114222356
116,46,0.021187234921765517
121,46,0.004812222371786243
145,46,0.03367811605397753
148,46,0.005797101449275362
150,46,2.2988627374612097e-5
236,46,-0.04223670143844327
247,46,0.018101443473618542
266,46,0.013825205817636892
272,46,-0.009178312556375927
281,46,-0.004002033263000152
289,46,-0.0007485679245000822
20,47,0.00018714198112502054
21,47,0.009977837208415245
23,47,0.05217391304347826
25,47,0.0034932610212246315
28,47,0.01952792276652153
30,47,-0.018101443473618542
35,47,0.028065096711647947
36,47,-0.07240577389447417
38,47,0.04223670143844327
42,47,0.09586055474871703
43,47,0.16178739643854767
45,47,0.20419648265499202
46,47,0.15275252316519464
47,47,1.6772028910725234
48,47,0.17267676531717654
70,47,0.1629129912625669
73,47,0.06313692820940636
74,47,0.01226818197705774
89,47,0.12442685235873202
98,47,-0.009169957075126009
109,47,-0.061306482114222356
113,47,-0.03017573774714276
120,47,0.014409932546626585
146,47,0.03367811605397753
149,47,0.005797101449275362
150,47,0.000568540040045713
237,47,-0.04223670143844327
248,47,0.018101443473618542
252,47,0.003597560367317363
267,47,0.013825205817636892
276,47,-0.0019075277016087973
286,47,-0.0034932610212246315
291,47,0.0008283403157411057
22,48,0.00018714198112502054
23,48,0.003392672812256982
27,48,0.004002033263000152
30,48,-0.013825205817636892
32,48,0.018809943375954583
34,48,0.01382520581763689
36,48,-0.05530082327054757
40,48,0.047222067780861146
41,48,0.0523881805284095
43,48,-0.08425033984880378
44,48,-0.08369565217391305
46,48,0.15217391304347827
47,48,0.17267676531717654
48,48,1.5130664737290795
74,48,0.11027744230836015
75,48,0.003929981603625432
95,48,0.11460367980409526
97,48,-0.08266564361902784
106,48,0.0499708128069356
111,48,-0.061306482114222356
113,48,0.049234684802509227
118,48,0.021187234921765517
121,48,-0.00617568537712568
150,48,0.014850653283999416
151,48,0.00013264060548194621
245,48,-0.03091410001116165
250,48,0.018101443473618542
252,48,-0.00883183537521694
262,48,-0.01382520581763689
269,48,0.013825205817636892
274,48,-0.009178312556375927
283,48,-0.004002033263000152
289,48,0.0019248889487144974
292,48,0.0008283403157411057
2,49,-0.01301298307048355
3,49,0.02011097383620184
8,49,0.09552712572195877
24,49,-0.0487906199490025
26,49,0.06313692820940636
29,49,0.11746341049038532
49,49,1.6888124242832139
50,49,0.20419648265499202
51,49,0.09552712572195877
52,49,-0.10900787150193655
53,49,0.18884524245927095
54,49,0.009977837208415245
58,49,0.08126605322836201
60,49,0.02011097383620184
61,49,-0.005238364534418003
67,49,0.02633144568676326
68,49,-0.00883183537521694
71,49,0.01952792276652153
72,49,-0.009178312556375927
76,49,-0.12356716511157888
78,49,-0.008147416125983442
79,49,0.0017848897813154579
86,49,-0.01301298307048355
87,49,0.003597560367317363
92,49,-0.013131419942712675
93,49,0.004710312200115702
96,49,0.0034932610212246315
125,49,0.22395160411940412
152,49,0.014850653283999416
153,49,2.2988627374612097e-5
223,49,0.028065096711647947
225,49,0.00010550957254245719
226,49,-1.4395537009616967e-5
300,49,-0.00018714198112502057
306,49,-0.0005478956190949217
311,49,8.020370619643739e-5
4,50,0.008147416125983442
9,50,0.09552712572195877
25,50,-0.02363814762190417
26,50,0.0009267011958685728
27,50,0.030547760003691533
30,50,0.11746341049038532
49,50,0.20419648265499202
50,50,1.7352913133216674
51,50,0.11746341049038532
52,50,0.19148542155126758
54,50,0.16770761816170718
55,50,0.030547760003691533
56,50,0.0019718178420611077
59,50,0.1227494075985261
62,50,0.0487906199490025
70,50,-0.00883183537521694
71,50,-0.021187234921765517
74,50,-0.009178312556375927
77,50,-0.1182358238225806
80,50,-0.02363814762190417
83,50,-0.05088059739888543
89,50,0.003597560367317363
92,50,0.022086378501534318
95,50,0.004710312200115702
126,50,0.22395160411940412
153,50,0.005797101449275362
154,50,0.00013264060548194621
155,50,2.430415339285981e-6
224,50,0.013043478260869565
227,50,0.0004973200485101942
297,50,-0.0019248889487144974
303,50,-0.0008283403157411057
309,50,0.00018714198112502057
312,50,8.020370619643739e-5
2,51,0.00154817457112517
3,51,0.0006635033876250728
4,51,-0.0026730149429903495
10,51,0.09552712572195877
24,51,-0.0026730149429903495
25,51,0.009169957075126009
27,51,0.003929981603625432
31,51,0.11746341049038532
49,51,0.09552712572195877
50,51,0.11746341049038532
51,51,1.4381805162949997
52,51,0.22395160411940412
55,51,0.1192094419766381
57,51,0.0019718178420611077
60,51,0.1192094419766381
62,51,-0.08704013577782194
64,51,0.005238364534418003
65,51,0.05108976084713062
67,51,-0.06370685614126999
75,51,0.004002033263000152
78,51,-0.08704013577782194
80,51,0.051089760847130614
82,51,-0.0017848897813154579
84,51,-0.06370685614126999
86,51,0.051089760847130614
90,51,0.02189561179162741
98,51,-0.0034932610212246315
127,51,0.22395160411940412
154,51,0.0019718178420611077
156,51,2.430415339285981e-6
225,51,0.005238364534418003
227,51,-0.0017848897813154579
229,51,1.4395537009616967e-5
293,51,0.004002033263000152
295,51,-0.0034932610212246315
302,51,0.00018714198112502057
310,51,0.00018714198112502057
313,51,8.020370619643739e-5
3,52,-0.00010550957254245719
11,52,0.09552712572195877
24,52,0.0004973200485101942
27,52,0.00013264060548194621
28,52,0.01226818197705774
32,52,0.11746341049038532
49,52,-0.10900787150193655
50,52,0.19148542155126758
51,52,0.22395160411940412
52,52,1.404364091174227
56,52,0.1192094419766381
57,52,0.030547760003691533
61,52,0.1192094419766381
64,52,-0.02011097383620184
66,52,0.05108976084713062
69,52,-0.049234684802509227
72,52,-0.021187234921765517
74,52,0.01952792276652153
79,52,-0.08704013577782194
82,52,0.008147416125983442
85,52,-0.06370685614126999
88,52,0.03017573774714276
93,52,0.022086378501534318
95,52,-0.013131419942712675
97,52,-0.0056508634166869045
128,52,0.22395160411940412
155,52,0.0019718178420611077
156,52,0.00013264060548194621
226,52,0.005238364534418003
229,52,-0.00010550957254245719
294,52,0.004002033263000152
298,52,-0.0019248889487144974
301,52,0.0007485679245000822
304,52,-0.0008283403157411057
308,52,0.0005478956190949217
2,53,-0.013131419942712675
5,53,0.041510480397418156
12,53,0.12268653095236923
24,53,-0.049234684802509227
29,53,0.11027744230836015
33,53,0.1908457148147966
49,53,0.18884524245927095
53,53,1.6627340676926754
54,53,0.15217391304347827
55,53,0.12268653095236923
56,53,-0.08369565217391305
57,53,-0.03915447016346177
58,53,0.08200569125836946
59,53,0.024620819918209552
65,53,0.041510480397418156
66,53,-0.013043478260869565
71,53,-0.018809943375954583
72,53,0.013825205817636892
76,53,0.19322077086723743
77,53,0.003392672812256982
101,53,-0.01301298307048355
102,53,0.003597560367317363
107,53,-0.013131419942712675
108,53,0.004710312200115702
129,53,0.22395160411940412
152,53,0.19148542155126758
157,53,0.03367811605397753
158,53,2.2988627374612097e-5
230,53,0.0523881805284095
232,53,0.00010550957254245719
233,53,-1.4395537009616967e-5
297,53,-0.0005863902732926824
298,53,0.0001190903516250131
319,53,-0.00018714198112502057
6,54,0.02011097383620184
13,54,0.12268653095236923
25,54,-0.03017573774714276
29,54,0.0009267011958685728
30,54,0.06313692820940636
34,54,0.1908457148147966
49,54,0.009977837208415245
50,54,0.16770761816170718
53,54,0.15217391304347827
54,54,1.8178674787992994
55,54,0.1908457148147966
56,54,0.12222222222222219
59,54,0.15669814706114762
60,54,0.06313692820940636
61,54,0.005797101449275362
67,54,0.08266564361902784
71,54,0.061306482114222356
73,54,-0.018101443473618542
77,54,0.16661793144639842
78,54,0.01226818197705774
79,54,0.000568540040045713
103,54,-0.03017573774714276
105,54,0.003597560367317363
111,54,0.004710312200115702
113,54,0.0034932610212246315
130,54,0.22395160411940412
153,54,0.19148542155126758
158,54,0.014850653283999416
159,54,0.00013264060548194621
160,54,2.430415339285981e-6
231,54,0.028065096711647947
234,54,0.0004973200485101942
301,54,0.0001190903516250131
316,54,-0.0008283403157411057
323,54,8.020370619643739e-5
2,55,0.002432845754625267
5,55,0.0006635033876250728
14,55,0.12268653095236923
25,55,0.014409932546626585
30,55,0.003929981603625432
31,55,0.030547760003691533
35,55,0.1908457148147966
50,55,0.030547760003691533
51,55,0.1192094419766381
53,55,0.12268653095236923
54,55,0.1908457148147966
55,55,1.6254802874620478
56,55,0.22395160411940412
57,55,0.19148542155126758
60,55,0.18732912310614558
62,55,0.11716941354706799
63,55,0.005797101449275362
65,55,0.08028390990263383
70,55,0.013043478260869565
71,55,-0.05088059739888543
75,55,-0.013825205817636892
78,55,0.11716941354706799
80,55,0.03251166599362857
81,55,0.000568540040045713
99,55,-0.05088059739888543
103,55,0.051089760847130614
107,55,0.02189561179162741
112,55,0.004710312200115702
131,55,0.22395160411940412
154,55,0.19148542155126758
159,55,0.005797101449275362
161,55,0.000568540040045713
162,55,2.430415339285981e-6
232,55,0.013043478260869565
237,55,1.4395537009616967e-5
293,55,-0.013825205817636892
297,55,0.004710312200115702
302,55,0.0001190903516250131
322,55,0.00018714198112502057
324,55,8.020370619643739e-5
5,56,-0.00010550957254245719
7,56,0.008147416125983442
15,56,0.12268653095236923
30,56,0.00013264060548194621
32,56,0.030547760003691533
36,56,0.1908457148147966
50,56,0.0019718178420611077
52,56,0.1192094419766381
53,56,-0.08369565217391305
54,56,0.12222222222222219
55,56,0.22395160411940412
56,56,1.579528985507246
57,56,0.11746341049038532
61,56,0.18732912310614558
63,56,0.06313692820940636
66,56,0.08028390990263383
69,56,0.08266564361902784
70,56,-0.041510480397418156
74,56,-0.043138956656952096
79,56,0.11716941354706799
81,56,0.01226818197705774
100,56,-0.05088059739888543
106,56,0.01301298307048355
110,56,0.022086378501534318
113,56,-0.0056508634166869045
132,56,0.22395160411940412
155,56,0.19148542155126758
160,56,0.005797101449275362
162,56,0.00013264060548194621
233,56,0.013043478260869565
236,56,0.0004973200485101942
237,56,-0.00010550957254245719
294,56,-0.013825205817636892
300,56,0.0019075277016087973
317,56,-0.0008283403157411057
320,56,0.0005478956190949217
2,57,-0.0005863902732926824
7,57,-0.0026730149429903495
16,57,0.12268653095236923
24,57,0.0011943012507331374
31,57,0.00013264060548194621
32,57,0.003929981603625432
37,57,0.1908457148147966
51,57,0.0019718178420611077
52,57,0.030547760003691533
53,57,-0.03915447016346177
55,57,0.19148542155126758
56,57,0.11746341049038532
57,57,1.5346777269260103
63,57,0.16770761816170718
64,57,0.024620819918209552
68,57,0.1227494075985261
69,57,-0.1182358238225806
72,57,-0.05088059739888543
75,57,0.018809943375954583
81,57,0.0681828426462101
82,57,0.003392672812256982
102,57,-0.06370685614126999
104,57,0.051089760847130614
108,57,0.02189561179162741
112,57,-0.013131419942712675
114,57,-0.0056508634166869045
133,57,0.22395160411940412
156,57,0.19148542155126758
162,57,0.0019718178420611077
163,57,2.2988627374612097e-5
235,57,0.005238364534418003
236,57,-0.0017848897813154579
296,57,-0.009178312556375927
298,57,0.004710312200115702
302,57,-0.0005863902732926824
321,57,0.0005478956190949217
2,58,-0.0056508634166869045
8,58,0.07240577389447417
12,58,-0.10559175359610816
24,58,-0.021187234921765517
33,58,0.1629129912625669
49,58,0.08126605322836201
53,58,0.08200569125836946
58,58,1.5221685661297313
59,58,0.09586055474871703
60,58,0.10559175359610816
61,58,-0.0523881805284095
62,58,0.047222067780861146
63,58,-0.04223670143844327
65,58,-0.07240577389447417
66,58,0.028065096711647947
67,58,-0.05530082327054757
68,58,0.03091410001116165
69,58,0.01382520581763689
76,58,0.09830057292390378
83,58,0.003392672812256982
99,58,0.008147416125983442
100,58,-0.0017848897813154579
115,58,0.0056508634166869045
116,58,-0.0034932610212246315
134,58,0.22395160411940412
157,58,0.12222222222222219
164,58,2.2988627374612097e-5
223,58,0.10900787150193655
230,58,-0.08369565217391305
238,58,0.00010550957254245719
239,58,-1.4395537009616967e-5
303,58,-0.0005863902732926824
304,58,0.0001190903516250131
316,58,-0.0007485679245000822
317,58,0.00018714198112502057
9,59,0.041510480397418156
25,59,-0.022086378501534318
33,59,0.0009267011958685728
34,59,0.11027744230836015
38,59,0.19954965751036596
50,59,0.1227494075985261
53,59,0.024620819918209552
54,59,0.15669814706114762
58,59,0.09586055474871703
59,59,1.7374297049101863
60,59,0.19954965751036596
61,59,0.06806549421833066
62,59,0.08924131981599595
64,59,-0.03915447016346177
65,59,0.11027744230836015
66,59,0.014850653283999416
71,59,-0.0499708128069356
73,59,0.03091410001116165
74,59,0.01382520581763689
77,59,0.09830057292390378
83,59,0.19322077086723743
84,59,0.01226818197705774
85,59,0.000568540040045713
101,59,0.02363814762190417
115,59,-0.022086378501534318
117,59,0.004710312200115702
135,59,0.22395160411940412
158,59,0.12222222222222219
164,59,0.03367811605397753
165,59,0.00013264060548194621
166,59,2.430415339285981e-6
224,59,0.10900787150193655
240,59,0.0004973200485101942
306,59,-0.0019075277016087973
308,59,0.0001190903516250131
320,59,0.00018714198112502057
2,60,0.002432845754625267
8,60,0.0006635033876250728
10,60,0.02011097383620184
17,60,0.10559175359610816
25,60,0.014409932546626585
34,60,0.003929981603625432
35,60,0.06313692820940636
39,60,0.19954965751036596
49,60,0.02011097383620184
51,60,0.1192094419766381
54,60,0.06313692820940636
55,60,0.18732912310614558
58,60,0.10559175359610816
59,60,0.19954965751036596
60,60,1.748733005788127
61,60,0.22395160411940412
62,60,0.09830057292390378
63,60,0.12222222222222219
64,60,0.10900787150193655
65,60,0.08028390990263383
67,60,0.16661793144639842
68,60,0.014850653283999416
71,60,0.12356716511157888
73,60,0.028065096711647947
75,60,0.01382520581763689
78,60,0.09830057292390378
84,60,0.16661793144639842
86,60,0.03251166599362857
87,60,0.000568540040045713
99,60,0.12356716511157888
103,60,0.051089760847130614
105,60,0.0017848897813154579
115,60,0.02189561179162741
119,60,0.004710312200115702
120,60,0.0034932610212246315
136,60,0.22395160411940412
159,60,0.12222222222222219
165,60,0.014850653283999416
167,60,0.000568540040045713
168,60,2.430415339285981e-6
225,60,0.10900787150193655
238,60,0.028065096711647947
242,60,0.0017848897813154579
244,60,1.4395537009616967e-5
293,60,0.01382520581763689
306,60,0.004710312200115702
310,60,0.0001190903516250131
316,60,0.0034932610212246315
322,60,0.00018714198112502057
326,60,8.020370619643739e-5
8,61,-0.00010550957254245719
11,61,0.02011097383620184
18,61,0.10559175359610816
34,61,0.00013264060548194621
36,61,0.06313692820940636
40,61,0.19954965751036596
49,61,-0.005238364534418003
52,61,0.1192094419766381
54,61,0.005797101449275362
56,61,0.18732912310614558
58,61,-0.0523881805284095
59,61,0.06806549421833066
60,61,0.22395160411940412
61,61,1.596405789623248
63,61,0.1908457148147966
64,61,-0.09552712572195877
66,61,0.08028390990263383
68,61,0.11027744230836015
72,61,0.11460367980409526
73,61,-0.07240577389447417
79,61,0.09830057292390378
85,61,0.16661793144639842
87,61,0.01226818197705774
100,61,0.12356716511157888
104,61,0.02363814762190417
105,61,-0.008147416125983442
118,61,0.013131419942712675
137,61,0.22395160411940412
160,61,0.12222222222222219
166,61,0.014850653283999416
168,61,0.00013264060548194621
226,61,0.10900787150193655
239,61,0.028065096711647947
243,61,0.0004973200485101942
244,61,-0.00010550957254245719
294,61,0.01382520581763689
309,61,0.0005863902732926824
319,61,0.0019248889487144974
9,62,0.0026730149429903495
10,62,-0.008147416125983442
19,62,0.10559175359610816
24,62,0.006574747429139061
35,62,0.01226818197705774
41,62,0.19954965751036596
50,62,0.0487906199490025
51,62,-0.08704013577782194
55,62,0.11716941354706799
58,62,0.047222067780861146
59,62,0.08924131981599595
60,62,0.09830057292390378
62,62,1.5467322130988166
63,62,0.24845199749997654
64,62,-0.09749960430435688
67,62,0.15669814706114762
69,62,0.014850653283999416
71,62,-0.08126605322836201
74,62,0.028065096711647947
75,62,0.03091410001116165
80,62,0.09830057292390378
86,62,0.11716941354706799
88,62,0.000568540040045713
101,62,0.1182358238225806
103,62,-0.08704013577782194
106,62,0.0017848897813154579
138,62,0.22395160411940412
161,62,0.12222222222222219
167,62,0.005797101449275362
169,62,2.430415339285981e-6
227,62,0.10900787150193655
240,62,0.013043478260869565
242,62,-0.005238364534418003
245,62,1.4395537009616967e-5
303,62,0.009178312556375927
327,62,8.020370619643739e-5
2,63,-0.0007485679245000822
20,63,0.10559175359610816
35,63,0.00013264060548194621
36,63,0.003929981603625432
37,63,0.030547760003691533
42,63,0.19954965751036596
55,63,0.005797101449275362
56,63,0.06313692820940636
57,63,0.16770761816170718
58,63,-0.04223670143844327
60,63,0.12222222222222219
61,63,0.1908457148147966
62,63,0.24845199749997654
63,63,1.7724030077324595
64,63,0.2180157430038731
68,63,0.15669814706114762
69,63,0.16661793144639842
70,63,0.05217391304347826
75,63,-0.05530082327054757
81,63,0.09830057292390378
87,63,0.11716941354706799
88,63,0.03251166599362857
89,63,0.003392672812256982
102,63,0.1182358238225806
116,63,0.02189561179162741
120,63,-0.0056508634166869045
139,63,0.22395160411940412
162,63,0.12222222222222219
168,63,0.005797101449275362
169,63,0.000568540040045713
170,63,2.2988627374612097e-5
228,63,0.10900787150193655
241,63,0.013043478260869565
307,63,0.004710312200115702
317,63,0.0034932610212246315
322,63,-0.0007485679245000822
10,64,0.00010550957254245719
11,64,-0.0006635033876250728
21,64,0.10559175359610816
25,64,-0.0019075277016087973
37,64,0.0009267011958685728
43,64,0.19954965751036596
51,64,0.005238364534418003
52,64,-0.02011097383620184
57,64,0.024620819918209552
59,64,-0.03915447016346177
60,64,0.10900787150193655
61,64,-0.09552712572195877
62,64,-0.09749960430435688
63,64,0.2180157430038731
64,64,1.4031238315310863
70,64,0.18884524245927095
73,64,0.08126605322836201
74,64,-0.12356716511157888
75,64,0.0499708128069356
82,64,0.09830057292390378
89,64,0.0681828426462101
105,64,0.08704013577782194
106,64,-0.051089760847130614
117,64,0.02189561179162741
119,64,-0.022086378501534318
140,64,0.22395160411940412
163,64,0.12222222222222219
170,64,0.0019718178420611077
229,64,0.10900787150193655
244,64,0.005238364534418003
245,64,-0.0017848897813154579
305,64,-0.009178312556375927
308,64,0.004710312200115702
310,64,-0.0019075277016087973
318,64,0.0034932610212246315
321,64,-0.0019248889487144974
2,65,0.0010426481805536861
12,65,0.0006635033876250728
14,65,0.041510480397418156
17,65,-0.07240577389447417
25,65,0.00617568537712568
38,65,0.003929981603625432
39,65,0.11027744230836015
51,65,0.05108976084713062
53,65,0.041510480397418156
55,65,0.08028390990263383
58,65,-0.07240577389447417
59,65,0.11027744230836015
60,65,0.08028390990263383
65,65,1.673779744544652
66,65,0.22395160411940412
67,65,0.17267676531717654
68,65,0.06806549421833066
70,65,0.08369565217391305
71,65,-0.08425033984880378
73,65,-0.0523881805284095
84,65,0.17267676531717654
90,65,0.03251166599362857
91,65,0.000568540040045713
99,65,-0.08425033984880378
107,65,0.051089760847130614
109,65,0.0017848897813154579
115,65,0.051089760847130614
141,65,0.22395160411940412
165,65,0.06806549421833066
171,65,0.000568540040045713
172,65,2.430415339285981e-6
232,65,0.08369565217391305
238,65,-0.0523881805284095
246,65,0.0017848897813154579
248,65,1.4395537009616967e-5
313,65,0.0001190903516250131
324,65,0.00018714198112502057
326,65,0.00018714198112502057
12,66,-0.00010550957254245719
15,66,0.041510480397418156
18,66,-0.07240577389447417
38,66,0.00013264060548194621
40,66,0.11027744230836015
52,66,0.05108976084713062
53,66,-0.013043478260869565
56,66,0.08028390990263383
58,66,0.028065096711647947
59,66,0.014850653283999416
61,66,0.08028390990263383
65,66,0.22395160411940412
66,66,1.4381954726970878
68,66,0.19954965751036596
69,66,0.08924131981599595
70,66,-0.12268653095236923
72,66,-0.12442685235873202
73,66,0.10559175359610816
74,66,0.047222067780861146
85,66,0.17267676531717654
91,66,0.01226818197705774
100,66,-0.08425033984880378
108,66,0.02363814762190417
109,66,-0.008147416125983442
116,66,0.03017573774714276
117,66,-0.01301298307048355
142,66,0.22395160411940412
166,66,0.06806549421833066
172,66,0.00013264060548194621
233,66,0.08369565217391305
239,66,-0.0523881805284095
247,66,0.0004973200485101942
248,66,-0.00010550957254245719
311,66,-0.0019075277016087973
312,66,0.0005863902732926824
323,66,0.0007485679245000822
13,67,0.0026730149429903495
24,67,0.004812222371786243
39,67,0.01226818197705774
41,67,0.06313692820940636
44,67,0.1629129912625669
49,67,0.02633144568676326
51,67,-0.06370685614126999
54,67,0.08266564361902784
58,67,-0.05530082327054757
60,67,0.16661793144639842
62,67,0.15669814706114762
65,67,0.17267676531717654
67,67,1.5422662314353655
68,67,0.24845199749997654
69,67,0.12222222222222219
71,67,0.16178739643854767
72,67,0.03367811605397753
75,67,-0.04223670143844327
86,67,0.17267676531717654
90,67,0.16661793144639842
92,67,0.0681828426462101
93,67,0.000568540040045713
111,67,0.0017848897813154579
115,67,-0.06370685614126999
119,67,0.003597560367317363
121,67,0.0034932610212246315
143,67,0.22395160411940412
167,67,0.06806549421833066
171,67,0.014850653283999416
173,67,0.0019718178420611077
174,67,2.430415339285981e-6
234,67,0.08369565217391305
250,67,1.4395537009616967e-5
295,67,0.01382520581763689
316,67,-0.004002033263000152
325,67,0.00018714198112502057
2,68,-0.0005478956190949217
16,68,0.02011097383620184
39,68,0.00013264060548194621
40,68,0.003929981603625432
42,68,0.06313692820940636
45,68,0.1629129912625669
49,68,-0.00883183537521694
57,68,0.1227494075985261
58,68,0.03091410001116165
60,68,0.014850653283999416
61,68,0.11027744230836015
63,68,0.15669814706114762
65,68,0.06806549421833066
66,68,0.19954965751036596
67,68,0.24845199749997654
68,68,1.776633799973078
69,68,0.09830057292390378
70,68,0.20419648265499202
72,68,0.19322077086723743
73,68,0.09586055474871703
75,68,0.047222067780861146
87,68,0.17267676531717654
91,68,0.16661793144639842
93,68,0.03251166599362857
94,68,0.003392672812256982
110,68,0.051089760847130614
119,68,-0.01301298307048355
144,68,0.22395160411940412
168,68,0.06806549421833066
172,68,0.014850653283999416
174,68,0.000568540040045713
175,68,2.2988627374612097e-5
235,68,0.08369565217391305
249,68,0.0017848897813154579
296,68,0.01382520581763689
311,68,0.004710312200115702
314,68,0.0005863902732926824
326,68,-0.0005478956190949217
15,69,0.0026730149429903495
16,69,-0.008147416125983442
22,69,0.07240577389447417
24,69,-0.0019248889487144974
41,69,0.00013264060548194621
42,69,0.01226818197705774
46,69,0.1629129912625669
52,69,-0.049234684802509227
56,69,0.08266564361902784
57,69,-0.1182358238225806
58,69,0.01382520581763689
62,69,0.014850653283999416
63,69,0.16661793144639842
66,69,0.08924131981599595
67,69,0.12222222222222219
68,69,0.09830057292390378
69,69,1.7744679259957223
70,69,0.15275252316519464
72,69,0.08200569125836946
74,69,0.09586055474871703
75,69,0.10559175359610816
88,69,0.17267676531717654
93,69,0.11716941354706799
95,69,0.003392672812256982
108,69,0.1182358238225806
110,69,-0.08704013577782194
112,69,0.008147416125983442
116,69,-0.06370685614126999
121,69,-0.0056508634166869045
145,69,0.22395160411940412
169,69,0.06806549421833066
174,69,0.005797101449275362
176,69,2.2988627374612097e-5
236,69,0.08369565217391305
247,69,0.013043478260869565
249,69,-0.005238364534418003
251,69,0.00010550957254245719
304,69,0.013825205817636892
317,69,-0.004002033263000152
325,69,-0.0007485679245000822
327,69,-0.0005478956190949217
14,70,0.00010550957254245719
15,70,-0.0006635033876250728
23,70,0.07240577389447417
25,70,-0.0019248889487144974
42,70,0.0009267011958685728
43,70,0.030547760003691533
47,70,0.1629129912625669
50,70,-0.00883183537521694
55,70,0.013043478260869565
56,70,-0.041510480397418156
63,70,0.05217391304347826
64,70,0.18884524245927095
65,70,0.08369565217391305
66,70,-0.12268653095236923
68,70,0.20419648265499202
69,70,0.15275252316519464
70,70,1.6848250474865765
73,70,0.08200569125836946
74,70,0.19322077086723743
75,70,-0.12442685235873202
89,70,0.17267676531717654
94,70,0.11716941354706799
95,70,0.03251166599362857
109,70,0.1182358238225806
112,70,-0.02363814762190417
118,70,-0.051089760847130614
146,70,0.22395160411940412
170,70,0.06806549421833066
175,70,0.005797101449275362
176,70,0.000568540040045713
237,70,0.08369565217391305
248,70,0.013043478260869565
251,70,-0.0004973200485101942
305,70,0.013825205817636892
312,70,0.004710312200115702
314,70,-0.0019075277016087973
324,70,-0.0019248889487144974
17,71,0.008147416125983442
19,71,-0.02011097383620184
44,71,0.030547760003691533
49,71,0.01952792276652153
50,71,-0.021187234921765517
53,71,-0.018809943375954583
54,71,0.061306482114222356
55,71,-0.05088059739888543
59,71,-0.0499708128069356
60,71,0.12356716511157888
62,71,-0.08126605322836201
65,71,-0.08425033984880378
67,71,0.16178739643854767
71,71,1.1698305065733385
72,71,0.19148542155126758
73,71,0.09749960430435688
74,71,-0.10900787150193655
75,71,0.03915447016346177
92,71,0.19322077086723743
96,71,0.000568540040045713
103,71,0.08425033984880378
107,71,-0.12356716511157888
113,71,0.0017848897813154579
115,71,0.05088059739888543
120,71,0.003597560367317363
121,71,0.004710312200115702
147,71,0.22395160411940412
173,71,0.03367811605397753
177,71,2.430415339285981e-6
242,71,0.0523881805284095
246,71,-0.028065096711647947
252,71,1.4395537009616967e-5
297,71,0.01382520581763689
306,71,-0.013825205817636892
315,71,-0.0001190903516250131
18,72,0.0026730149429903495
22,72,-0.041510480397418156
24,72,-0.0008283403157411057
44,72,0.00013264060548194621
45,72,0.01226818197705774
46,72,0.06313692820940636
49,72,-0.009178312556375927
52,72,-0.021187234921765517
53,72,0.013825205817636892
57,72,-0.05088059739888543
61,72,0.11460367980409526
66,72,-0.12442685235873202
67,72,0.03367811605397753
68,72,0.19322077086723743
69,72,0.08200569125836946
71,72,0.19148542155126758
72,72,1.6588138077504073
73,72,0.15275252316519464
74,72,0.20419648265499202
75,72,-0.12268653095236923
93,72,0.19322077086723743
96,72,0.0681828426462101
97,72,0.003392672812256982
104,72,0.08425033984880378
108,72,-0.12356716511157888
114,72,0.008147416125983442
121,72,-0.013131419942712675
148,72,0.22395160411940412
174,72,0.03367811605397753
177,72,0.0019718178420611077
178,72,2.2988627374612097e-5
243,72,0.0523881805284095
247,72,-0.028065096711647947
253,72,0.00010550957254245719
298,72,0.01382520581763689
311,72,-0.009178312556375927
315,72,0.0005863902732926824
319,72,-0.004002033263000152
17,73,0.00010550957254245719
18,73,-0.0006635033876250728
21,73,0.02011097383620184
23,73,-0.041510480397418156
25,73,-0.0008283403157411057
45,73,0.0009267011958685728
47,73,0.06313692820940636
54,73,-0.018101443473618542
59,73,0.03091410001116165
60,73,0.028065096711647947
61,73,-0.07240577389447417
64,73,0.08126605322836201
65,73,-0.0523881805284095
66,73,0.10559175359610816
68,73,0.09586055474871703
70,73,0.08200569125836946
71,73,0.09749960430435688
72,73,0.15275252316519464
73,73,1.6853799300040377
74,73,0.09830057292390378
75,73,0.08924131981599595
94,73,0.19322077086723743
97,73,0.03251166599362857
105,73,0.08425033984880378
109,73,-0.12356716511157888
113,73,0.051089760847130614
114,73,-0.02363814762190417
120,73,-0.03017573774714276
149,73,0.22395160411940412
175,73,0.03367811605397753
178,73,0.000568540040045713
244,73,0.0523881805284095
248,73,-0.028065096711647947
252,73,0.0017848897813154579
253,73,-0.0004973200485101942
299,73,0.01382520581763689
323,73,-0.0034932610212246315
326,73,0.0008283403157411057
19,74,0.00010550957254245719
21,74,-0.008147416125983442
46,74,0.0009267011958685728
47,74,0.01226818197705774
48,74,0.11027744230836015
50,74,-0.009178312556375927
52,74,0.01952792276652153
56,74,-0.043138956656952096
59,74,0.01382520581763689
62,74,0.028065096711647947
64,74,-0.12356716511157888
66,74,0.047222067780861146
69,74,0.09586055474871703
70,74,0.19322077086723743
71,74,-0.10900787150193655
72,74,0.20419648265499202
73,74,0.09830057292390378
74,74,1.6649578977281223
75,74,0.19954965751036596
95,74,0.19322077086723743
97,74,0.11716941354706799
98,74,0.01226818197705774
106,74,0.08425033984880378
113,74,-0.08704013577782194
117,74,-0.05088059739888543
121,74,0.022086378501534318
150,74,0.22395160411940412
176,74,0.03367811605397753
178,74,0.005797101449275362
179,74,0.00013264060548194621
245,74,0.0523881805284095
252,74,-0.005238364534418003
308,74,0.013825205817636892
312,74,-0.009178312556375927
315,74,-0.0019075277016087973
320,74,-0.004002033263000152
327,74,0.0008283403157411057
22,75,0.0006635033876250728
23,75,-0.0026730149429903495
48,75,0.003929981603625432
51,75,0.004002033263000152
55,75,-0.013825205817636892
57,75,0.018809943375954583
60,75,0.01382520581763689
62,75,0.03091410001116165
63,75,-0.05530082327054757
64,75,0.0499708128069356
67,75,-0.04223670143844327
68,75,0.047222067780861146
69,75,0.10559175359610816
70,75,-0.12442685235873202
71,75,0.03915447016346177
72,75,-0.12268653095236923
73,75,0.08924131981599595
74,75,0.19954965751036596
75,75,1.2600116286026228
98,75,0.16661793144639842
112,75,0.12356716511157888
114,75,-0.1182358238225806
119,75,-0.05088059739888543
120,75,0.06370685614126999
121,75,-0.02189561179162741
151,75,0.22395160411940412
179,75,0.014850653283999416
251,75,0.028065096711647947
253,75,-0.013043478260869565
302,75,-0.01382520581763689
310,75,0.013825205817636892
314,75,-0.009178312556375927
315,75,0.004710312200115702
322,75,-0.004002033263000152
325,75,0.0034932610212246315
3,76,-0.01952792276652153
5,76,0.043138956656952096
12,76,-0.047222067780861146
26,76,-0.061306482114222356
29,76,0.11460367980409526
49,76,-0.12356716511157888
53,76,0.19322077086723743
58,76,0.09830057292390378
76,76,1.3137264249712086
77,76,0.09586055474871703
78,76,0.10559175359610816
79,76,-0.0523881805284095
80,76,0.047222067780861146
81,76,-0.04223670143844327
83,76,0.024620819918209552
90,76,-0.043138956656952096
91,76,0.018101443473618542
92,76,-0.018809943375954583
93,76,0.013825205817636892
99,76,-0.02011097383620184
100,76,0.005238364534418003
107,76,0.01952792276652153
108,76,-0.009178312556375927
110,76,-0.004002033263000152
157,76,0.24845199749997654
180,76,0.06806549421833066
181,76,2.2988627374612097e-5
223,76,-0.09749960430435688
255,76,0.00010550957254245719
256,76,-1.4395537009616967e-5
295,76,0.00030433613908329343
296,76,-5.103872212500561e-5
328,76,0.0005478956190949217
329,76,-0.00018714198112502057
4,77,-0.013131419942712675
6,77,0.02633144568676326
27,77,-0.049234684802509227
30,77,0.08266564361902784
38,77,0.08924131981599595
50,77,-0.1182358238225806
53,77,0.003392672812256982
54,77,0.16661793144639842
59,77,0.09830057292390378
76,77,0.09586055474871703
77,77,1.5637095990188596
78,77,0.19954965751036596
79,77,0.06806549421833066
80,77,0.08924131981599595
82,77,-0.03915447016346177
83,77,0.08200569125836946
84,77,0.06313692820940636
85,77,0.005797101449275362
90,77,0.08266564361902784
97,77,0.013825205817636892
101,77,-0.0487906199490025
107,77,-0.049234684802509227
109,77,0.00883183537521694
113,77,-0.004002033263000152
158,77,0.24845199749997654
181,77,0.03367811605397753
182,77,0.00013264060548194621
183,77,2.430415339285981e-6
224,77,-0.09749960430435688
254,77,0.0523881805284095
257,77,0.0004973200485101942
297,77,0.0011943012507331374
299,77,-5.103872212500561e-5
328,77,-0.0008283403157411057
332,77,-0.00018714198112502057
4,78,0.006574747429139061
17,78,0.047222067780861146
29,78,0.0026730149429903495
31,78,0.0487906199490025
39,78,0.08924131981599595
49,78,-0.008147416125983442
51,78,-0.08704013577782194
54,78,0.01226818197705774
55,78,0.11716941354706799
60,78,0.09830057292390378
76,78,0.10559175359610816
77,78,0.19954965751036596
78,78,1.5467322130988164
79,78,0.22395160411940412
80,78,0.09830057292390378
81,78,0.12222222222222219
82,78,0.10900787150193655
84,78,0.15669814706114762
86,78,0.11716941354706799
87,78,0.005797101449275362
92,78,0.1182358238225806
94,78,0.013043478260869565
99,78,-0.08126605322836201
103,78,-0.08704013577782194
105,78,-0.005238364534418003
114,78,0.009178312556375927
159,78,0.24845199749997654
182,78,0.014850653283999416
184,78,0.000568540040045713
185,78,2.430415339285981e-6
225,78,-0.09749960430435688
255,78,0.028065096711647947
259,78,0.0017848897813154579
261,78,1.4395537009616967e-5
293,78,0.03091410001116165
335,78,8.020370619643739e-5
7,79,0.01301298307048355
18,79,0.047222067780861146
28,79,-0.03017573774714276
29,79,-0.0004973200485101942
32,79,0.0487906199490025
40,79,0.08924131981599595
49,79,0.0017848897813154579
52,79,-0.08704013577782194
54,79,0.000568540040045713
56,79,0.11716941354706799
61,79,0.09830057292390378
76,79,-0.0523881805284095
77,79,0.06806549421833066
78,79,0.22395160411940412
79,79,1.3921658365863505
81,79,0.1908457148147966
82,79,-0.09552712572195877
85,79,0.15669814706114762
87,79,0.06313692820940636
93,79,0.08266564361902784
94,79,-0.041510480397418156
96,79,0.061306482114222356
97,79,-0.043138956656952096
100,79,-0.08126605322836201
104,79,-0.0487906199490025
105,79,0.02011097383620184
110,79,-0.049234684802509227
111,79,0.02633144568676326
113,79,0.01952792276652153
160,79,0.24845199749997654
183,79,0.014850653283999416
185,79,0.00013264060548194621
226,79,-0.09749960430435688
256,79,0.028065096711647947
260,79,0.0004973200485101942
261,79,-0.00010550957254245719
294,79,0.03091410001116165
300,79,0.0011943012507331374
301,79,-0.00030433613908329343
329,79,-0.0008283403157411057
332,79,0.0005478956190949217
3,80,0.002432845754625267
5,80,0.00154817457112517
6,80,-0.005150324794343752
19,80,0.047222067780861146
26,80,-0.005150324794343752
27,80,0.014409932546626585
30,80,0.009169957075126009
31,80,-0.02363814762190417
41,80,0.08924131981599595
50,80,-0.02363814762190417
51,80,0.051089760847130614
55,80,0.03251166599362857
62,80,0.09830057292390378
76,80,0.047222067780861146
77,80,0.08924131981599595
78,80,0.09830057292390378
80,80,1.3064864046305018
81,80,0.24845199749997654
82,80,-0.09749960430435688
86,80,0.18732912310614558
88,80,0.005797101449275362
90,80,0.08028390990263383
92,80,-0.1227494075985261
95,80,0.013043478260869565
98,80,0.018101443473618542
101,80,-0.1227494075985261
103,80,0.1192094419766381
106,80,-0.005238364534418003
107,80,0.05108976084713062
112,80,-0.00883183537521694
161,80,0.24845199749997654
184,80,0.005797101449275362
186,80,2.430415339285981e-6
227,80,-0.09749960430435688
257,80,0.013043478260869565
259,80,-0.005238364534418003
262,80,1.4395537009616967e-5
295,80,0.018101443473618542
297,80,-0.00883183537521694
302,80,5.103872212500561e-5
334,80,0.00018714198112502057
336,80,8.020370619643739e-5
5,81,-0.00030433613908329343
7,81,-0.005150324794343752
20,81,0.047222067780861146
26,81,0.0011943012507331374
28,81,0.014409932546626585
42,81,0.08924131981599595
55,81,0.000568540040045713
56,81,0.01226818197705774
57,81,0.0681828426462101
63,81,0.09830057292390378
76,81,-0.04223670143844327
78,81,0.12222222222222219
79,81,0.1908457148147966
80,81,0.24845199749997654
81,81,1.5059416176844493
82,81,0.2180157430038731
87,81,0.18732912310614558
88,81,0.11716941354706799
89,81,0.024620819918209552
91,81,0.08028390990263383
96,81,-0.05088059739888543
98,81,-0.043138956656952096
102,81,-0.1227494075985261
110,81,0.06370685614126999
112,81,0.02633144568676326
162,81,0.24845199749997654
185,81,0.005797101449275362
186,81,0.000568540040045713
187,81,2.2988627374612097e-5
228,81,-0.09749960430435688
258,81,0.013043478260869565
296,81,0.018101443473618542
300,81,-0.003597560367317363
302,81,-0.00030433613908329343
333,81,0.0005478956190949217
4,82,-0.0005863902732926824
6,82,-0.00030433613908329343
7,82,0.00154817457112517
21,82,0.047222067780861146
27,82,0.0011943012507331374
28,82,-0.005150324794343752
31,82,0.0004973200485101942
32,82,-0.0026730149429903495
43,82,0.08924131981599595
51,82,-0.0017848897813154579
52,82,0.008147416125983442
57,82,0.003392672812256982
64,82,0.09830057292390378
77,82,-0.03915447016346177
78,82,0.10900787150193655
79,82,-0.09552712572195877
80,82,-0.09749960430435688
81,82,0.2180157430038731
82,82,1.0761462212650124
89,82,0.16770761816170718
94,82,0.1227494075985261
95,82,-0.1182358238225806
97,82,-0.05088059739888543
98,82,0.061306482114222356
105,82,-0.1192094419766381
106,82,0.08704013577782194
109,82,-0.05108976084713062
111,82,0.06370685614126999
112,82,-0.049234684802509227
114,82,-0.021187234921765517
163,82,0.24845199749997654
187,82,0.0019718178420611077
229,82,-0.09749960430435688
261,82,0.005238364534418003
262,82,-0.0017848897813154579
299,82,0.00883183537521694
301,82,-0.003597560367317363
302,82,0.0011943012507331374
331,82,0.0008283403157411057
4,83,-0.0056508634166869045
9,83,0.043138956656952096
13,83,-0.05530082327054757
27,83,-0.021187234921765517
34,83,0.11460367980409526
38,83,-0.12442685235873202
50,83,-0.05088059739888543
58,83,0.003392672812256982
59,83,0.19322077086723743
76,83,0.024620819918209552
77,83,0.08200569125836946
83,83,1.3911074841836044
84,83,0.1629129912625669
85,83,0.03367811605397753
86,83,0.12442685235873202
89,83,-0.04223670143844327
90,83,-0.11460367980409526
92,83,-0.0499708128069356
94,83,0.03091410001116165
95,83,0.01382520581763689
99,83,0.030547760003691533
100,83,0.0019718178420611077
115,83,0.021187234921765517
117,83,-0.009178312556375927
118,83,-0.004002033263000152
164,83,0.24845199749997654
181,83,0.12222222222222219
188,83,0.00013264060548194621
189,83,2.430415339285981e-6
254,83,-0.08369565217391305
263,83,0.0004973200485101942
303,83,0.0011943012507331374
305,83,-5.103872212500561e-5
328,83,-0.0019248889487144974
330,83,0.00018714198112502057
4,84,0.004812222371786243
10,84,0.02633144568676326
17,84,-0.05530082327054757
33,84,0.0026730149429903495
35,84,0.08266564361902784
51,84,-0.06370685614126999
59,84,0.01226818197705774
60,84,0.16661793144639842
65,84,0.17267676531717654
77,84,0.06313692820940636
78,84,0.15669814706114762
83,84,0.1629129912625669
84,84,1.5422662314353655
85,84,0.22395160411940412
86,84,0.17267676531717654
87,84,0.06806549421833066
89,84,0.08369565217391305
90,84,0.16661793144639842
91,84,0.014850653283999416
98,84,0.01382520581763689
99,84,0.16178739643854767
101,84,0.0681828426462101
102,84,0.0019718178420611077
115,84,-0.06370685614126999
120,84,-0.004002033263000152
165,84,0.24845199749997654
182,84,0.12222222222222219
188,84,0.03367811605397753
190,84,0.000568540040045713
191,84,2.430415339285981e-6
265,84,0.0017848897813154579
267,84,1.4395537009616967e-5
293,84,-0.04223670143844327
306,84,0.003597560367317363
328,84,0.0034932610212246315
333,84,0.00018714198112502057
11,85,0.02633144568676326
18,85,-0.05530082327054757
28,85,-0.022086378501534318
33,85,-0.0004973200485101942
36,85,0.08266564361902784
52,85,-0.06370685614126999
59,85,0.000568540040045713
61,85,0.16661793144639842
66,85,0.17267676531717654
77,85,0.005797101449275362
79,85,0.15669814706114762
83,85,0.03367811605397753
84,85,0.22395160411940412
85,85,1.2820485783939815
87,85,0.19954965751036596
88,85,0.08924131981599595
89,85,-0.12268653095236923
91,85,0.11027744230836015
96,85,-0.0499708128069356
97,85,0.05530082327054757
100,85,0.16178739643854767
102,85,0.030547760003691533
116,85,-0.049234684802509227
117,85,0.02633144568676326
166,85,0.24845199749997654
183,85,0.12222222222222219
189,85,0.03367811605397753
191,85,0.00013264060548194621
266,85,0.0004973200485101942
267,85,-0.00010550957254245719
294,85,-0.04223670143844327
307,85,0.0011943012507331374
308,85,-0.00030433613908329343
332,85,0.0007485679245000822
3,86,0.002432845754625267
8,86,0.00154817457112517
10,86,-0.01301298307048355
27,86,0.014409932546626585
34,86,0.009169957075126009
44,86,0.12442685235873202
49,86,-0.01301298307048355
51,86,0.051089760847130614
60,86,0.03251166599362857
62,86,0.11716941354706799
67,86,0.17267676531717654
78,86,0.11716941354706799
80,86,0.18732912310614558
83,86,0.12442685235873202
84,86,0.17267676531717654
86,86,1.4774433152360866
87,86,0.24845199749997654
88,86,0.12222222222222219
90,86,0.08028390990263383
92,86,0.18884524245927095
93,86,0.014850653283999416
97,86,0.028065096711647947
101,86,0.18884524245927095
103,86,0.1192094419766381
104,86,0.0019718178420611077
115,86,0.05108976084713062
119,86,-0.00883183537521694
167,86,0.24845199749997654
184,86,0.12222222222222219
190,86,0.014850653283999416
192,86,0.0019718178420611077
193,86,2.430415339285981e-6
263,86,0.028065096711647947
269,86,1.4395537009616967e-5
306,86,-0.00883183537521694
310,86,5.103872212500561e-5
334,86,0.00018714198112502057
337,86,8.020370619643739e-5
8,87,-0.00030433613908329343
28,87,0.014409932546626585
37,87,0.0487906199490025
45,87,0.12442685235873202
49,87,0.003597560367317363
60,87,0.000568540040045713
61,87,0.01226818197705774
63,87,0.11716941354706799
68,87,0.17267676531717654
78,87,0.005797101449275362
79,87,0.06313692820940636
81,87,0.18732912310614558
84,87,0.06806549421833066
85,87,0.19954965751036596
86,87,0.24845199749997654
87,87,1.6467980212680033
88,87,0.09830057292390378
89,87,0.20419648265499202
91,87,0.08028390990263383
93,87,0.16661793144639842
94,87,0.05217391304347826
96,87,0.12356716511157888
102,87,0.18884524245927095
104,87,0.0681828426462101
105,87,0.009977837208415245
119,87,0.02633144568676326
120,87,0.01952792276652153
168,87,0.24845199749997654
185,87,0.12222222222222219
191,87,0.014850653283999416
193,87,0.000568540040045713
194,87,2.2988627374612097e-5
264,87,0.028065096711647947
268,87,0.0017848897813154579
310,87,-0.00030433613908329343
329,87,0.0034932610212246315
3,88,-0.0007485679245000822
11,88,-0.005150324794343752
22,88,0.05530082327054757
26,88,0.0019075277016087973
36,88,0.009169957075126009
37,88,-0.02363814762190417
46,88,0.12442685235873202
52,88,0.03017573774714276
62,88,0.000568540040045713
63,88,0.03251166599362857
69,88,0.17267676531717654
80,88,0.005797101449275362
81,88,0.11716941354706799
85,88,0.08924131981599595
86,88,0.12222222222222219
87,88,0.09830057292390378
88,88,1.640327881724772
89,88,0.15275252316519464
93,88,0.15669814706114762
95,88,0.05217391304347826
96,88,-0.08126605322836201
98,88,0.07240577389447417
104,88,0.16770761816170718
106,88,0.009977837208415245
116,88,0.05108976084713062
169,88,0.24845199749997654
186,88,0.12222222222222219
193,88,0.005797101449275362
195,88,2.2988627374612097e-5
266,88,0.013043478260869565
268,88,-0.005238364534418003
270,88,0.00010550957254245719
304,88,0.018101443473618542
307,88,-0.00883183537521694
334,88,-0.0007485679245000822
4,89,-0.0007485679245000822
9,89,-0.00030433613908329343
23,89,0.05530082327054757
28,89,-0.006574747429139061
35,89,0.0004973200485101942
36,89,-0.0026730149429903495
47,89,0.12442685235873202
50,89,0.003597560367317363
63,89,0.003392672812256982
64,89,0.0681828426462101
70,89,0.17267676531717654
81,89,0.024620819918209552
82,89,0.16770761816170718
83,89,-0.04223670143844327
84,89,0.08369565217391305
85,89,-0.12268653095236923
87,89,0.20419648265499202
88,89,0.15275252316519464
89,89,1.4857532791911574
94,89,0.15669814706114762
95,89,0.16661793144639842
98,89,-0.11460367980409526
105,89,0.16770761816170718
106,89,0.0681828426462101
118,89,0.06370685614126999
120,89,-0.021187234921765517
170,89,0.24845199749997654
187,89,0.12222222222222219
194,89,0.005797101449275362
195,89,0.000568540040045713
267,89,0.013043478260869565
270,89,-0.0004973200485101942
305,89,0.018101443473618542
309,89,-0.003597560367317363
330,89,0.0034932610212246315
333,89,-0.0019248889487144974
3,90,0.0010426481805536861
12,90,0.00154817457112517
19,90,-0.043138956656952096
27,90,0.00617568537712568
38,90,0.009169957075126009
41,90,0.08266564361902784
44,90,-0.11460367980409526
51,90,0.02189561179162741
65,90,0.03251166599362857
67,90,0.16661793144639842
76,90,-0.043138956656952096
77,90,0.08266564361902784
80,90,0.08028390990263383
83,90,-0.11460367980409526
84,90,0.16661793144639842
86,90,0.08028390990263383
90,90,1.472447129118619
91,90,0.24845199749997654
92,90,0.08755552150384377
93,90,0.06806549421833066
95,90,0.08369565217391305
97,90,-0.0523881805284095
98,90,-0.04223670143844327
101,90,0.08755552150384377
107,90,0.1192094419766381
108,90,0.0019718178420611077
115,90,0.1192094419766381
117,90,0.005238364534418003
121,90,-0.004002033263000152
171,90,0.24845199749997654
190,90,0.06806549421833066
196,90,0.0019718178420611077
197,90,2.430415339285981e-6
257,90,0.08369565217391305
263,90,-0.0523881805284095
271,90,0.005238364534418003
273,90,1.4395537009616967e-5
295,90,-0.04223670143844327
313,90,5.103872212500561e-5
328,90,-0.004002033263000152
336,90,0.00018714198112502057
337,90,0.00018714198112502057
12,91,-0.00030433613908329343
16,91,0.02633144568676326
20,91,-0.043138956656952096
28,91,0.00617568537712568
42,91,0.08266564361902784
45,91,-0.11460367980409526
65,91,0.000568540040045713
66,91,0.01226818197705774
68,91,0.16661793144639842
76,91,0.018101443473618542
81,91,0.08028390990263383
84,91,0.014850653283999416
85,91,0.11027744230836015
87,91,0.08028390990263383
90,91,0.24845199749997654
91,91,1.5920889980706239
93,91,0.17267676531717654
94,91,0.15217391304347827
96,91,-0.08425033984880378
98,91,0.047222067780861146
102,91,0.08755552150384377
108,91,0.0681828426462101
109,91,0.009977837208415245
116,91,0.08704013577782194
172,91,0.24845199749997654
191,91,0.06806549421833066
197,91,0.000568540040045713
198,91,2.2988627374612097e-5
258,91,0.08369565217391305
264,91,-0.0523881805284095
272,91,0.0017848897813154579
296,91,-0.04223670143844327
311,91,0.003597560367317363
313,91,-0.00030433613908329343
335,91,0.0007485679245000822
13,92,0.005150324794343752
14,92,-0.01301298307048355
26,92,0.004812222371786243
39,92,0.02363814762190417
41,92,-0.0487906199490025
49,92,-0.013131419942712675
50,92,0.022086378501534318
67,92,0.0681828426462101
71,92,0.19322077086723743
76,92,-0.018809943375954583
78,92,0.1182358238225806
80,92,-0.1227494075985261
83,92,-0.0499708128069356
86,92,0.18884524245927095
90,92,0.08755552150384377
92,92,1.3140139618013489
93,92,0.19148542155126758
94,92,0.09749960430435688
95,92,-0.10900787150193655
96,92,0.03367811605397753
103,92,0.08755552150384377
107,92,0.18884524245927095
110,92,0.0019718178420611077
115,92,-0.1227494075985261
118,92,0.005238364534418003
121,92,-0.009178312556375927
173,92,0.24845199749997654
192,92,0.06806549421833066
196,92,0.014850653283999416
199,92,2.430415339285981e-6
259,92,0.08369565217391305
271,92,-0.013043478260869565
274,92,1.4395537009616967e-5
303,92,-0.03091410001116165
314,92,5.103872212500561e-5
3,93,-0.0005478956190949217
16,93,-0.01301298307048355
22,93,-0.043138956656952096
40,93,0.009169957075126009
49,93,0.004710312200115702
52,93,0.022086378501534318
67,93,0.000568540040045713
68,93,0.03251166599362857
69,93,0.11716941354706799
72,93,0.19322077086723743
76,93,0.013825205817636892
79,93,0.08266564361902784
86,93,0.014850653283999416
87,93,0.16661793144639842
88,93,0.15669814706114762
90,93,0.06806549421833066
91,93,0.17267676531717654
92,93,0.19148542155126758
93,93,1.703389307668147
94,93,0.15275252316519464
95,93,0.20419648265499202
96,93,0.16178739643854767
97,93,0.09586055474871703
104,93,0.08755552150384377
108,93,0.18884524245927095
110,93,0.1192094419766381
111,93,0.009977837208415245
119,93,0.02011097383620184
121,93,0.01952792276652153
174,93,0.24845199749997654
193,93,0.06806549421833066
197,93,0.014850653283999416
199,93,0.0019718178420611077
200,93,2.2988627374612097e-5
260,93,0.08369565217391305
275,93,0.00010550957254245719
304,93,-0.03091410001116165
311,93,-0.00883183537521694
329,93,-0.004002033263000152
337,93,-0.0005478956190949217
4,94,-0.0005478956190949217
13,94,-0.00030433613908329343
23,94,-0.043138956656952096
28,94,-0.004812222371786243
39,94,0.0004973200485101942
40,94,-0.0026730149429903495
43,94,0.0487906199490025
68,94,0.003392672812256982
70,94,0.11716941354706799
73,94,0.19322077086723743
78,94,0.013043478260869565
79,94,-0.041510480397418156
82,94,0.1227494075985261
83,94,0.03091410001116165
87,94,0.05217391304347826
89,94,0.15669814706114762
91,94,0.15217391304347827
92,94,0.09749960430435688
93,94,0.15275252316519464
94,94,1.6429488042356526
95,94,0.09830057292390378
97,94,0.19322077086723743
105,94,0.08755552150384377
109,94,0.18884524245927095
111,94,0.0681828426462101
118,94,0.08704013577782194
119,94,-0.0487906199490025
175,94,0.24845199749997654
194,94,0.06806549421833066
198,94,0.014850653283999416
200,94,0.000568540040045713
261,94,0.08369565217391305
274,94,0.0017848897813154579
275,94,-0.0004973200485101942
305,94,-0.03091410001116165
314,94,-0.0011943012507331374
335,94,-0.0019248889487144974
15,95,-0.00154817457112517
27,95,-0.0019248889487144974
41,95,0.0004973200485101942
43,95,-0.02363814762190417
48,95,0.11460367980409526
50,95,0.004710312200115702
52,95,-0.013131419942712675
69,95,0.003392672812256982
70,95,0.03251166599362857
74,95,0.19322077086723743
80,95,0.013043478260869565
82,95,-0.1182358238225806
83,95,0.01382520581763689
88,95,0.05217391304347826
89,95,0.16661793144639842
90,95,0.08369565217391305
92,95,-0.10900787150193655
93,95,0.20419648265499202
94,95,0.09830057292390378
95,95,1.6883667235009945
97,95,0.08200569125836946
98,95,0.1629129912625669
106,95,0.08755552150384377
111,95,0.16770761816170718
112,95,0.030547760003691533
117,95,0.1227494075985261
118,95,-0.1192094419766381
121,95,-0.021187234921765517
176,95,0.24845199749997654
195,95,0.06806549421833066
200,95,0.005797101449275362
201,95,0.00013264060548194621
262,95,0.08369565217391305
273,95,0.013043478260869565
274,95,-0.005238364534418003
312,95,-0.00883183537521694
330,95,-0.004002033263000152
336,95,-0.0019248889487144974
18,96,0.005150324794343752
20,96,-0.01301298307048355
22,96,0.02633144568676326
26,96,-0.0008283403157411057
45,96,0.02363814762190417
46,96,-0.0487906199490025
49,96,0.0034932610212246315
71,96,0.000568540040045713
72,96,0.0681828426462101
79,96,0.061306482114222356
81,96,-0.05088059739888543
85,96,-0.0499708128069356
87,96,0.12356716511157888
88,96,-0.08126605322836201
91,96,-0.08425033984880378
92,96,0.03367811605397753
93,96,0.16178739643854767
96,96,1.4812487847923304
97,96,0.2180157430038731
98,96,-0.09552712572195877
110,96,0.16178739643854767
113,96,0.009977837208415245
116,96,-0.08126605322836201
120,96,0.02011097383620184
121,96,0.02633144568676326
177,96,0.24845199749997654
199,96,0.03367811605397753
202,96,2.2988627374612097e-5
268,96,0.0523881805284095
272,96,-0.028065096711647947
276,96,0.00010550957254245719
300,96,0.04223670143844327
307,96,-0.03091410001116165
311,96,0.018101443473618542
315,96,0.00030433613908329343
18,97,-0.00154817457112517
21,97,-0.01301298307048355
27,97,-0.0008283403157411057
44,97,0.0004973200485101942
48,97,-0.08266564361902784
52,97,-0.0056508634166869045
72,97,0.003392672812256982
73,97,0.03251166599362857
74,97,0.11716941354706799
77,97,0.013825205817636892
79,97,-0.043138956656952096
82,97,-0.05088059739888543
85,97,0.05530082327054757
86,97,0.028065096711647947
90,97,-0.0523881805284095
93,97,0.09586055474871703
94,97,0.19322077086723743
95,97,0.08200569125836946
96,97,0.2180157430038731
97,97,1.7127737021582088
98,97,0.1908457148147966
111,97,0.16178739643854767
113,97,0.1192094419766381
114,97,0.030547760003691533
117,97,-0.08126605322836201
121,97,-0.049234684802509227
178,97,0.24845199749997654
200,97,0.03367811605397753
202,97,0.0019718178420611077
203,97,0.00013264060548194621
269,97,0.0523881805284095
273,97,-0.028065096711647947
301,97,0.04223670143844327
308,97,-0.03091410001116165
315,97,-0.0011943012507331374
332,97,-0.004002033263000152
337,97,0.0008283403157411057
19,98,0.00030433613908329343
20,98,-0.00154817457112517
21,98,0.005150324794343752
46,98,0.0026730149429903495
47,98,-0.009169957075126009
51,98,-0.0034932610212246315
74,98,0.01226818197705774
75,98,0.16661793144639842
80,98,0.018101443473618542
81,98,-0.043138956656952096
82,98,0.061306482114222356
84,98,0.01382520581763689
88,98,0.07240577389447417
89,98,-0.11460367980409526
90,98,-0.04223670143844327
91,98,0.047222067780861146
95,98,0.1629129912625669
96,98,-0.09552712572195877
97,98,0.1908457148147966
98,98,1.496212478126262
112,98,0.16178739643854767
114,98,0.16770761816170718
120,98,-0.1192094419766381
121,98,0.06370685614126999
179,98,0.24845199749997654
201,98,0.03367811605397753
203,98,0.005797101449275362
270,98,0.0523881805284095
276,98,-0.005238364534418003
302,98,0.04223670143844327
313,98,-0.018101443473618542
315,98,0.003597560367317363
333,98,-0.004002033263000152
336,98,0.0034932610212246315
10,99,0.01952792276652153
14,99,-0.018809943375954583
31,99,-0.021187234921765517
35,99,0.061306482114222356
39,99,-0.0499708128069356
55,99,-0.05088059739888543
58,99,0.008147416125983442
60,99,0.12356716511157888
65,99,-0.08425033984880378
76,99,-0.02011097383620184
78,99,-0.08126605322836201
83,99,0.030547760003691533
84,99,0.16178739643854767
99,99,1.1698305065733383
100,99,0.22395160411940412
101,99,0.19322077086723743
102,99,0.03367811605397753
103,99,0.08425033984880378
105,99,0.0523881805284095
107,99,-0.12356716511157888
109,99,-0.028065096711647947
112,99,0.01382520581763689
115,99,0.05088059739888543
119,99,-0.013825205817636892
188,99,0.19148542155126758
204,99,0.000568540040045713
205,99,2.430415339285981e-6
238,99,0.09749960430435688
255,99,-0.10900787150193655
277,99,0.0017848897813154579
279,99,1.4395537009616967e-5
293,99,0.03915447016346177
316,99,0.003597560367317363
328,99,0.004710312200115702
331,99,-0.0001190903516250131
7,100,-0.0056508634166869045
11,100,0.01952792276652153
15,100,-0.018809943375954583
32,100,-0.021187234921765517
36,100,0.061306482114222356
40,100,-0.0499708128069356
56,100,-0.05088059739888543
58,100,-0.0017848897813154579
61,100,0.12356716511157888
66,100,-0.08425033984880378
76,100,0.005238364534418003
79,100,-0.08126605322836201
83,100,0.0019718178420611077
85,100,0.16178739643854767
99,100,0.22395160411940412
100,100,0.8408990293295044
102,100,0.1629129912625669
104,100,0.12442685235873202
105,100,-0.10559175359610816
106,100,-0.047222067780861146
108,100,-0.11460367980409526
109,100,0.07240577389447417
110,100,-0.0499708128069356
111,100,0.05530082327054757
116,100,0.061306482114222356
117,100,-0.043138956656952096
118,100,-0.018809943375954583
189,100,0.19148542155126758
205,100,0.00013264060548194621
239,100,0.09749960430435688
256,100,-0.10900787150193655
278,100,0.0004973200485101942
279,100,-0.00010550957254245719
294,100,0.03915447016346177
317,100,0.0011943012507331374
318,100,-0.00030433613908329343
329,100,0.0019075277016087973
330,100,-0.0005863902732926824
6,101,0.004812222371786243
10,101,-0.013131419942712675
19,101,-0.018809943375954583
31,101,0.022086378501534318
33,101,0.005150324794343752
44,101,-0.0499708128069356
53,101,-0.01301298307048355
59,101,0.02363814762190417
62,101,0.1182358238225806
77,101,-0.0487906199490025
80,101,-0.1227494075985261
84,101,0.0681828426462101
86,101,0.18884524245927095
90,101,0.08755552150384377
99,101,0.19322077086723743
101,101,1.3140139618013489
102,101,0.24845199749997654
103,101,0.08755552150384377
104,101,0.06806549421833066
106,101,0.08369565217391305
107,101,0.18884524245927095
108,101,0.014850653283999416
114,101,-0.03091410001116165
115,101,-0.1227494075985261
117,101,-0.013043478260869565
190,101,0.19148542155126758
204,101,0.03367811605397753
206,101,0.0019718178420611077
207,101,2.430415339285981e-6
240,101,0.09749960430435688
257,101,-0.10900787150193655
280,101,0.005238364534418003
282,101,1.4395537009616967e-5
321,101,5.103872212500561e-5
328,101,-0.009178312556375927
7,102,0.004812222371786243
20,102,-0.018809943375954583
33,102,-0.0011943012507331374
37,102,0.049234684802509227
45,102,-0.0499708128069356
53,102,0.003597560367317363
57,102,-0.06370685614126999
63,102,0.1182358238225806
81,102,-0.1227494075985261
84,102,0.0019718178420611077
85,102,0.030547760003691533
87,102,0.18884524245927095
91,102,0.08755552150384377
99,102,0.03367811605397753
100,102,0.1629129912625669
101,102,0.24845199749997654
102,102,1.3732272924425297
104,102,0.17267676531717654
105,102,0.15217391304347827
108,102,0.16661793144639842
109,102,0.05217391304347826
114,102,0.05530082327054757
116,102,-0.1182358238225806
120,102,-0.018809943375954583
191,102,0.19148542155126758
205,102,0.03367811605397753
207,102,0.000568540040045713
208,102,2.2988627374612097e-5
241,102,0.09749960430435688
258,102,-0.10900787150193655
281,102,0.0017848897813154579
319,102,0.003597560367317363
321,102,-0.00030433613908329343
333,102,-0.0005863902732926824
5,103,0.002432845754625267
8,103,0.002432845754625267
9,103,-0.006574747429139061
29,103,-0.006574747429139061
30,103,0.014409932546626585
34,103,0.014409932546626585
35,103,-0.03017573774714276
54,103,-0.03017573774714276
55,103,0.051089760847130614
60,103,0.051089760847130614
62,103,-0.08704013577782194
71,103,0.08425033984880378
78,103,-0.08704013577782194
80,103,0.1192094419766381
86,103,0.1192094419766381
92,103,0.08755552150384377
99,103,0.08425033984880378
101,103,0.08755552150384377
103,103,1.25745408384559
104,103,0.19148542155126758
105,103,0.09749960430435688
106,103,-0.10900787150193655
107,103,0.08028390990263383
110,103,0.014850653283999416
113,103,0.028065096711647947
115,103,0.08028390990263383
118,103,-0.013043478260869565
120,103,-0.018101443473618542
192,103,0.19148542155126758
206,103,0.014850653283999416
209,103,2.430415339285981e-6
242,103,0.09749960430435688
259,103,-0.10900787150193655
277,103,0.028065096711647947
280,103,-0.013043478260869565
283,103,1.4395537009616967e-5
316,103,-0.018101443473618542
322,103,5.103872212500561e-5
334,103,0.0001190903516250131
338,103,8.020370619643739e-5
8,104,-0.0005863902732926824
11,104,-0.006574747429139061
22,104,-0.018809943375954583
29,104,0.0019075277016087973
32,104,0.014409932546626585
37,104,-0.03017573774714276
57,104,0.051089760847130614
61,104,0.02363814762190417
72,104,0.08425033984880378
79,104,-0.0487906199490025
86,104,0.0019718178420611077
87,104,0.0681828426462101
88,104,0.16770761816170718
93,104,0.08755552150384377
100,104,0.12442685235873202
101,104,0.06806549421833066
102,104,0.17267676531717654
103,104,0.19148542155126758
104,104,1.576618469660938
105,104,0.15275252316519464
106,104,0.20419648265499202
108,104,0.08028390990263383
110,104,0.18884524245927095
111,104,0.05217391304347826
114,104,0.07240577389447417
119,104,-0.041510480397418156
193,104,0.19148542155126758
207,104,0.014850653283999416
209,104,0.0019718178420611077
210,104,2.2988627374612097e-5
243,104,0.09749960430435688
260,104,-0.10900787150193655
278,104,0.028065096711647947
284,104,0.00010550957254245719
319,104,-0.00883183537521694
329,104,-0.009178312556375927
334,104,-0.0005863902732926824
7,105,-0.002432845754625267
23,105,-0.018809943375954583
34,105,-0.0011943012507331374
54,105,0.003597560367317363
60,105,0.0017848897813154579
61,105,-0.008147416125983442
64,105,0.08704013577782194
73,105,0.08425033984880378
78,105,-0.005238364534418003
79,105,0.02011097383620184
82,105,-0.1192094419766381
87,105,0.009977837208415245
89,105,0.16770761816170718
94,105,0.08755552150384377
99,105,0.0523881805284095
100,105,-0.10559175359610816
102,105,0.15217391304347827
103,105,0.09749960430435688
104,105,0.15275252316519464
105,105,1.4590473145780045
106,105,0.09830057292390378
109,105,0.08028390990263383
111,105,0.16661793144639842
113,105,0.12356716511157888
114,105,-0.11460367980409526
118,105,-0.1182358238225806
119,105,0.08266564361902784
120,105,0.061306482114222356
194,105,0.19148542155126758
208,105,0.014850653283999416
210,105,0.000568540040045713
244,105,0.09749960430435688
261,105,-0.10900787150193655
279,105,0.028065096711647947
283,105,0.0017848897813154579
284,105,-0.0004973200485101942
322,105,-0.0011943012507331374
332,105,-0.004710312200115702
6,106,-0.0007485679245000822
9,106,-0.0005863902732926824
11,106,0.002432845754625267
30,106,0.0019075277016087973
32,106,-0.006574747429139061
36,106,-0.005150324794343752
48,106,0.0499708128069356
56,106,0.01301298307048355
62,106,0.0017848897813154579
64,106,-0.051089760847130614
74,106,0.08425033984880378
80,106,-0.005238364534418003
82,106,0.08704013577782194
88,106,0.009977837208415245
89,106,0.0681828426462101
95,106,0.08755552150384377
100,106,-0.047222067780861146
101,106,0.08369565217391305
103,106,-0.10900787150193655
104,106,0.20419648265499202
105,106,0.09830057292390378
106,106,1.5295592722214741
111,106,0.15669814706114762
112,106,0.11027744230836015
113,106,-0.08126605322836201
117,106,-0.08028390990263383
118,106,0.1227494075985261
195,106,0.19148542155126758
210,106,0.005797101449275362
211,106,0.00013264060548194621
245,106,0.09749960430435688
262,106,-0.10900787150193655
282,106,0.013043478260869565
283,106,-0.005238364534418003
318,106,0.018101443473618542
320,106,-0.00883183537521694
330,106,-0.009178312556375927
334,106,0.0019075277016087973
5,107,0.0010426481805536861
12,107,0.002432845754625267
14,107,-0.013131419942712675
19,107,0.01952792276652153
30,107,0.00617568537712568
38,107,0.014409932546626585
41,107,-0.049234684802509227
53,107,-0.013131419942712675
55,107,0.02189561179162741
65,107,0.051089760847130614
71,107,-0.12356716511157888
76,107,0.01952792276652153
77,107,-0.049234684802509227
80,107,0.05108976084713062
90,107,0.1192094419766381
92,107,0.18884524245927095
99,107,-0.12356716511157888
101,107,0.18884524245927095
103,107,0.08028390990263383
107,107,1.1691627032201135
108,107,0.19148542155126758
109,107,0.09749960430435688
110,107,0.06806549421833066
112,107,-0.03915447016346177
113,107,-0.0523881805284095
115,107,0.18732912310614558
116,107,0.005797101449275362
121,107,0.013825205817636892
196,107,0.19148542155126758
206,107,0.06806549421833066
212,107,0.005797101449275362
213,107,2.430415339285981e-6
246,107,0.09749960430435688
277,107,-0.0523881805284095
286,107,1.4395537009616967e-5
297,107,-0.03915447016346177
324,107,5.103872212500561e-5
328,107,0.013825205817636892
336,107,0.0001190903516250131
338,107,0.00018714198112502057
12,108,-0.0005863902732926824
16,108,-0.013131419942712675
32,108,0.00617568537712568
46,108,-0.061306482114222356
53,108,0.004710312200115702
57,108,0.02189561179162741
66,108,0.02363814762190417
69,108,0.1182358238225806
72,108,-0.12356716511157888
76,108,-0.009178312556375927
90,108,0.0019718178420611077
91,108,0.0681828426462101
93,108,0.18884524245927095
100,108,-0.11460367980409526
101,108,0.014850653283999416
102,108,0.16661793144639842
104,108,0.08028390990263383
107,108,0.19148542155126758
108,108,1.515240386772558
109,108,0.15275252316519464
110,108,0.08755552150384377
111,108,0.15217391304347827
112,108,0.12268653095236923
114,108,-0.10559175359610816
116,108,0.16770761816170718
117,108,0.024620819918209552
121,108,-0.018809943375954583
197,108,0.19148542155126758
207,108,0.06806549421833066
213,108,0.0019718178420611077
214,108,2.2988627374612097e-5
247,108,0.09749960430435688
278,108,-0.0523881805284095
285,108,0.005238364534418003
287,108,0.00010550957254245719
298,108,-0.03915447016346177
336,108,-0.0005863902732926824
7,109,-0.0010426481805536861
21,109,-0.01952792276652153
38,109,-0.0011943012507331374
43,109,0.049234684802509227
47,109,-0.061306482114222356
65,109,0.0017848897813154579
66,109,-0.008147416125983442
70,109,0.1182358238225806
73,109,-0.12356716511157888
77,109,0.00883183537521694
82,109,-0.05108976084713062
91,109,0.009977837208415245
94,109,0.18884524245927095
99,109,-0.028065096711647947
100,109,0.07240577389447417
102,109,0.05217391304347826
105,109,0.08028390990263383
107,109,0.09749960430435688
108,109,0.15275252316519464
109,109,1.3998188405797098
111,109,0.17267676531717654
112,109,-0.08924131981599595
113,109,-0.08425033984880378
114,109,0.12442685235873202
117,109,0.11716941354706799
198,109,0.19148542155126758
208,109,0.06806549421833066
214,109,0.000568540040045713
248,109,0.09749960430435688
279,109,-0.0523881805284095
286,109,0.0017848897813154579
287,109,-0.0004973200485101942
299,109,-0.03915447016346177
323,109,0.003597560367317363
324,109,-0.0011943012507331374
335,109,-0.0019075277016087973
5,110,-0.0005478956190949217
15,110,-0.006574747429139061
22,110,0.01952792276652153
29,110,0.0019248889487144974
40,110,0.014409932546626585
42,110,-0.03017573774714276
56,110,0.022086378501534318
68,110,0.051089760847130614
69,110,-0.08704013577782194
76,110,-0.004002033263000152
79,110,-0.049234684802509227
81,110,0.06370685614126999
92,110,0.0019718178420611077
93,110,0.1192094419766381
96,110,0.16178739643854767
100,110,-0.0499708128069356
103,110,0.014850653283999416
104,110,0.18884524245927095
107,110,0.06806549421833066
108,110,0.08755552150384377
110,110,1.4912566742944315
111,110,0.2180157430038731
112,110,-0.09552712572195877
113,110,0.09586055474871703
116,110,0.15669814706114762
118,110,0.024620819918209552
121,110,-0.043138956656952096
199,110,0.19148542155126758
209,110,0.06806549421833066
213,110,0.014850653283999416
215,110,2.2988627374612097e-5
249,110,0.09749960430435688
285,110,-0.013043478260869565
288,110,0.00010550957254245719
300,110,-0.03915447016346177
317,110,-0.03091410001116165
325,110,0.00030433613908329343
329,110,0.013825205817636892
338,110,-0.0005478956190949217
6,111,-0.0005478956190949217
13,111,-0.0005863902732926824
32,111,-0.004812222371786243
40,111,-0.005150324794343752
43,111,-0.03017573774714276
48,111,-0.061306482114222356
54,111,0.004710312200115702
67,111,0.0017848897813154579
79,111,0.02633144568676326
82,111,0.06370685614126999
93,111,0.009977837208415245
94,111,0.0681828426462101
95,111,0.16770761816170718
97,111,0.16178739643854767
100,111,0.05530082327054757
104,111,0.05217391304347826
105,111,0.16661793144639842
106,111,0.15669814706114762
108,111,0.15217391304347827
109,111,0.17267676531717654
110,111,0.2180157430038731
111,111,1.6649612629185921
112,111,0.1908457148147966
113,111,0.16178739643854767
114,111,0.1629129912625669
117,111,0.15669814706114762
118,111,0.16770761816170718
119,111,0.06313692820940636
121,111,0.061306482114222356
200,111,0.19148542155126758
210,111,0.06806549421833066
214,111,0.014850653283999416
215,111,0.0019718178420611077
216,111,0.00013264060548194621
250,111,0.09749960430435688
301,111,-0.03915447016346177
318,111,-0.03091410001116165
323,111,-0.00883183537521694
325,111,-0.0011943012507331374
14,112,-0.0005863902732926824
16,112,0.002432845754625267
31,112,-0.0019248889487144974
41,112,0.0011943012507331374
42,112,-0.005150324794343752
43,112,0.014409932546626585
55,112,0.004710312200115702
57,112,-0.013131419942712675
69,112,0.008147416125983442
70,112,-0.02363814762190417
75,112,0.12356716511157888
80,112,-0.00883183537521694
81,112,0.02633144568676326
82,112,-0.049234684802509227
95,112,0.030547760003691533
98,112,0.16178739643854767
99,112,0.01382520581763689
106,112,0.11027744230836015
107,112,-0.03915447016346177
108,112,0.12268653095236923
109,112,-0.08924131981599595
110,112,-0.09552712572195877
111,112,0.1908457148147966
112,112,1.5115611118589312
114,112,0.08200569125836946
119,112,0.18732912310614558
121,112,-0.05088059739888543
201,112,0.19148542155126758
211,112,0.06806549421833066
216,112,0.005797101449275362
251,112,0.09749960430435688
287,112,0.013043478260869565
288,112,-0.005238364534418003
302,112,-0.03915447016346177
324,112,-0.00883183537521694
325,112,0.003597560367317363
331,112,-0.013825205817636892
336,112,0.004710312200115702
18,113,-0.002432845754625267
23,113,0.013131419942712675
30,113,-0.0008283403157411057
47,113,-0.03017573774714276
48,113,0.049234684802509227
54,113,0.0034932610212246315
56,113,-0.0056508634166869045
71,113,0.0017848897813154579
73,113,0.051089760847130614
74,113,-0.08704013577782194
77,113,-0.004002033263000152
79,113,0.01952792276652153
96,113,0.009977837208415245
97,113,0.1192094419766381
103,113,0.028065096711647947
105,113,0.12356716511157888
106,113,-0.08126605322836201
107,113,-0.0523881805284095
109,113,-0.08425033984880378
110,113,0.09586055474871703
111,113,0.16178739643854767
113,113,1.6253539058644049
114,113,0.11746341049038532
118,113,0.08200569125836946
120,113,0.06313692820940636
121,113,0.08266564361902784
202,113,0.19148542155126758
215,113,0.03367811605397753
217,113,0.00013264060548194621
252,113,0.09749960430435688
283,113,0.0523881805284095
286,113,-0.028065096711647947
289,113,0.0004973200485101942
320,113,-0.03091410001116165
323,113,0.018101443473618542
332,113,0.013825205817636892
338,113,0.0008283403157411057
17,114,-0.0005863902732926824
21,114,0.006574747429139061
31,114,-0.0008283403157411057
44,114,0.0011943012507331374
45,114,-0.005150324794343752
57,114,-0.0056508634166869045
72,114,0.008147416125983442
73,114,-0.02363814762190417
75,114,-0.1182358238225806
78,114,0.009178312556375927
82,114,-0.021187234921765517
97,114,0.030547760003691533
98,114,0.16770761816170718
101,114,-0.03091410001116165
102,114,0.05530082327054757
104,114,0.07240577389447417
105,114,-0.11460367980409526
108,114,-0.10559175359610816
109,114,0.12442685235873202
111,114,0.1629129912625669
112,114,0.08200569125836946
113,114,0.11746341049038532
114,114,1.6168932561582983
119,114,0.08200569125836946
120,114,0.16770761816170718
121,114,-0.1182358238225806
203,114,0.19148542155126758
216,114,0.03367811605397753
217,114,0.0019718178420611077
253,114,0.09749960430435688
284,114,0.0523881805284095
287,114,-0.028065096711647947
289,114,-0.0017848897813154579
321,114,-0.03091410001116165
335,114,0.009178312556375927
8,115,0.0010426481805536861
12,115,0.002432845754625267
13,115,-0.004812222371786243
17,115,0.0056508634166869045
33,115,-0.004812222371786243
34,115,0.00617568537712568
38,115,0.014409932546626585
39,115,-0.022086378501534318
44,115,0.021187234921765517
58,115,0.0056508634166869045
59,115,-0.022086378501534318
60,115,0.02189561179162741
65,115,0.051089760847130614
67,115,-0.06370685614126999
71,115,0.05088059739888543
83,115,0.021187234921765517
84,115,-0.06370685614126999
86,115,0.05108976084713062
90,115,0.1192094419766381
92,115,-0.1227494075985261
99,115,0.05088059739888543
101,115,-0.1227494075985261
103,115,0.08028390990263383
107,115,0.18732912310614558
115,115,0.731601942836631
116,115,0.12222222222222219
117,115,0.10900787150193655
118,115,-0.08369565217391305
119,115,-0.03915447016346177
120,115,0.04223670143844327
121,115,-0.01382520581763689
212,115,0.12222222222222219
218,115,2.430415339285981e-6
271,115,0.10900787150193655
280,115,-0.08369565217391305
290,115,1.4395537009616967e-5
306,115,-0.03915447016346177
316,115,0.04223670143844327
326,115,5.103872212500561e-5
328,115,-0.01382520581763689
337,115,0.0001190903516250131
338,115,0.00018714198112502057
12,116,-0.0007485679245000822
15,116,-0.004812222371786243
20,116,0.0056508634166869045
33,116,0.0019248889487144974
36,116,0.00617568537712568
42,116,-0.022086378501534318
46,116,0.021187234921765517
58,116,-0.0034932610212246315
63,116,0.02189561179162741
66,116,0.03017573774714276
69,116,-0.06370685614126999
85,116,-0.049234684802509227
88,116,0.05108976084713062
91,116,0.08704013577782194
96,116,-0.08126605322836201
100,116,0.061306482114222356
102,116,-0.1182358238225806
107,116,0.005797101449275362
108,116,0.16770761816170718
110,116,0.15669814706114762
115,116,0.12222222222222219
116,116,1.2272668296914495
117,116,0.2180157430038731
118,116,0.15217391304347827
120,116,-0.10559175359610816
121,116,0.05530082327054757
213,116,0.12222222222222219
218,116,0.005797101449275362
219,116,2.2988627374612097e-5
272,116,0.10900787150193655
281,116,-0.08369565217391305
291,116,0.00010550957254245719
307,116,-0.03915447016346177
317,116,0.04223670143844327
327,116,0.00030433613908329343
338,116,-0.0007485679245000822
11,117,-0.0010426481805536861
21,117,0.0056508634166869045
38,117,-0.0019075277016087973
43,117,-0.022086378501534318
59,117,0.004710312200115702
64,117,0.02189561179162741
66,117,-0.01301298307048355
74,117,-0.05088059739888543
83,117,-0.009178312556375927
85,117,0.02633144568676326
90,117,0.005238364534418003
95,117,0.1227494075985261
97,117,-0.08126605322836201
100,117,-0.043138956656952096
101,117,-0.013043478260869565
106,117,-0.08028390990263383
108,117,0.024620819918209552
109,117,0.11716941354706799
111,117,0.15669814706114762
115,117,0.10900787150193655
116,117,0.2180157430038731
117,117,1.4499313875054214
118,117,0.08755552150384377
119,117,0.19954965751036596
121,117,-0.0499708128069356
214,117,0.12222222222222219
219,117,0.0019718178420611077
220,117,0.00013264060548194621
273,117,0.10900787150193655
282,117,-0.08369565217391305
290,117,0.005238364534418003
308,117,-0.03915447016346177
318,117,0.04223670143844327
327,117,-0.0011943012507331374
337,117,-0.0019075277016087973
9,118,-0.0005478956190949217
13,118,-0.0007485679245000822
15,118,0.002432845754625267
23,118,0.0056508634166869045
34,118,0.0019248889487144974
36,118,-0.004812222371786243
40,118,-0.006574747429139061
48,118,0.021187234921765517
61,118,0.013131419942712675
70,118,-0.051089760847130614
83,118,-0.004002033263000152
89,118,0.06370685614126999
92,118,0.005238364534418003
94,118,0.08704013577782194
95,118,-0.1192094419766381
100,118,-0.018809943375954583
103,118,-0.013043478260869565
105,118,-0.1182358238225806
106,118,0.1227494075985261
110,118,0.024620819918209552
111,118,0.16770761816170718
113,118,0.08200569125836946
115,118,-0.08369565217391305
116,118,0.15217391304347827
117,118,0.08755552150384377
118,118,1.5455689789264293
119,118,0.11746341049038532
120,118,0.1629129912625669
121,118,-0.11460367980409526
215,118,0.12222222222222219
219,118,0.014850653283999416
221,118,0.00013264060548194621
274,118,0.10900787150193655
283,118,-0.08369565217391305
290,118,-0.013043478260869565
292,118,0.0004973200485101942
309,118,-0.03915447016346177
330,118,0.01382520581763689
338,118,0.0019248889487144974
10,119,-0.0005478956190949217
16,119,0.002432845754625267
37,119,-0.004812222371786243
39,119,-0.0019075277016087973
43,119,0.014409932546626585
60,119,0.004710312200115702
64,119,-0.022086378501534318
67,119,0.003597560367317363
68,119,-0.01301298307048355
75,119,-0.05088059739888543
86,119,-0.00883183537521694
87,119,0.02633144568676326
93,119,0.02011097383620184
94,119,-0.0487906199490025
99,119,-0.013825205817636892
104,119,-0.041510480397418156
105,119,0.08266564361902784
111,119,0.06313692820940636
112,119,0.18732912310614558
114,119,0.08200569125836946
115,119,-0.03915447016346177
117,119,0.19954965751036596
118,119,0.11746341049038532
119,119,1.556310666905969
120,119,0.16178739643854767
121,119,0.12356716511157888
216,119,0.12222222222222219
220,119,0.014850653283999416
221,119,0.0019718178420611077
275,119,0.10900787150193655
284,119,-0.08369565217391305
292,119,-0.0017848897813154579
310,119,-0.03915447016346177
326,119,-0.00883183537521694
331,119,0.01382520581763689
337,119,0.004710312200115702
17,120,-0.0007485679245000822
20,120,0.002432845754625267
23,120,-0.004812222371786243
35,120,-0.0008283403157411057
45,120,-0.006574747429139061
47,120,0.014409932546626585
60,120,0.0034932610212246315
63,120,-0.0056508634166869045
71,120,0.003597560367317363
73,120,-0.03017573774714276
75,120,0.06370685614126999
84,120,-0.004002033263000152
87,120,0.01952792276652153
89,120,-0.021187234921765517
96,120,0.02011097383620184
98,120,-0.1192094419766381
102,120,-0.018809943375954583
103,120,-0.018101443473618542
105,120,0.061306482114222356
113,120,0.06313692820940636
114,120,0.16770761816170718
115,120,0.04223670143844327
116,120,-0.10559175359610816
118,120,0.1629129912625669
119,120,0.16178739643854767
120,120,1.5151813089843105
121,120,0.16661793144639842
217,120,0.12222222222222219
221,120,0.03367811605397753
222,120,0.000568540040045713
276,120,0.10900787150193655
291,120,-0.028065096711647947
322,120,-0.04223670143844327
326,120,0.018101443473618542
333,120,0.01382520581763689
338,120,-0.0034932610212246315
19,121,0.0005478956190949217
22,121,-0.0010426481805536861
41,121,-0.0008283403157411057
44,121,-0.0019248889487144974
46,121,0.004812222371786243
48,121,-0.00617568537712568
67,121,0.0034932610212246315
69,121,-0.0056508634166869045
71,121,0.004710312200115702
72,121,-0.013131419942712675
74,121,0.022086378501534318
75,121,-0.02189561179162741
90,121,-0.004002033263000152
92,121,-0.009178312556375927
93,121,0.01952792276652153
95,121,-0.021187234921765517
96,121,0.02633144568676326
97,121,-0.049234684802509227
98,121,0.06370685614126999
107,121,0.013825205817636892
108,121,-0.018809943375954583
110,121,-0.043138956656952096
111,121,0.061306482114222356
112,121,-0.05088059739888543
113,121,0.08266564361902784
114,121,-0.1182358238225806
115,121,-0.01382520581763689
116,121,0.05530082327054757
117,121,-0.0499708128069356
118,121,-0.11460367980409526
119,121,0.12356716511157888
120,121,0.16661793144639842
121,121,1.173623824052886
222,121,0.06806549421833066
289,121,0.08369565217391305
292,121,-0.0523881805284095
315,121,0.03915447016346177
325,121,-0.04223670143844327
327,121,0.03091410001116165
336,121,0.01382520581763689
337,121,-0.013825205817636892
338,121,0.004002033263000152
1,122,0.0011943012507331374
2,122,-0.0017848897813154579
5,122,-0.09749960430435688
24,122,0.0019718178420611077
26,122,0.24845199749997654
122,122,1.476325324180015
123,122,0.2180157430038731
124,122,-0.09749960430435688
125,122,0.11716941354706799
126,122,0.003392672812256982
129,122,0.1182358238225806
131,122,0.008147416125983442
132,122,-0.0017848897813154579
134,122,0.05088059739888543
138,122,0.01301298307048355
139,122,-0.003597560367317363
145,122,-0.004710312200115702
147,122,-0.0056508634166869045
152,122,-0.08266564361902784
154,122,-0.0026730149429903495
155,122,0.0004973200485101942
157,122,-0.061306482114222356
161,122,-0.005150324794343752
162,122,0.0011943012507331374
169,122,0.0019075277016087973
173,122,0.004812222371786243
177,122,-0.0008283403157411057
223,122,0.043138956656952096
227,122,0.00154817457112517
228,122,-0.00030433613908329343
230,122,0.018809943375954583
236,122,-0.0005863902732926824
242,122,-0.002432845754625267
246,122,-0.0010426481805536861
249,122,0.0005478956190949217
1,123,-0.00030433613908329343
6,123,-0.09749960430435688
24,123,2.2988627374612097e-5
25,123,0.000568540040045713
27,123,0.24845199749997654
122,123,0.2180157430038731
123,123,1.4680839727195223
124,123,0.24845199749997654
126,123,0.0681828426462101
127,123,0.01226818197705774
128,123,0.000568540040045713
130,123,0.08704013577782194
135,123,0.06370685614126999
138,123,-0.03017573774714276
140,123,-0.003597560367317363
143,123,-0.022086378501534318
150,123,0.0034932610212246315
153,123,-0.0487906199490025
158,123,-0.049234684802509227
161,123,0.014409932546626585
163,123,0.0011943012507331374
164,123,-0.021187234921765517
167,123,0.014409932546626585
171,123,0.00617568537712568
176,123,-0.0019248889487144974
178,123,-0.0008283403157411057
224,123,0.02633144568676326
227,123,-0.005150324794343752
229,123,-0.00030433613908329343
231,123,0.01952792276652153
234,123,-0.006574747429139061
240,123,-0.004812222371786243
245,123,0.0007485679245000822
250,123,0.0005478956190949217
1,124,5.103872212500561e-5
2,124,1.4395537009616967e-5
7,124,-0.09749960430435688
25,124,2.430415339285981e-6
28,124,0.24845199749997654
122,124,-0.09749960430435688
123,124,0.24845199749997654
124,124,1.0146825129746786
128,124,0.03251166599362857
132,124,0.051089760847130614
133,124,-0.02363814762190417
137,124,0.051089760847130614
139,124,-0.03017573774714276
140,124,0.01301298307048355
142,124,0.02189561179162741
144,124,-0.022086378501534318
146,124,0.013131419942712675
149,124,0.0056508634166869045
155,124,-0.02363814762190417
156,124,0.009169957075126009
160,124,-0.03017573774714276
162,124,0.014409932546626585
163,124,-0.005150324794343752
166,124,-0.022086378501534318
168,124,0.014409932546626585
170,124,-0.006574747429139061
172,124,0.00617568537712568
175,124,-0.004812222371786243
226,124,0.01301298307048355
228,124,-0.005150324794343752
229,124,0.00154817457112517
233,124,0.013131419942712675
235,124,-0.006574747429139061
237,124,0.002432845754625267
239,124,0.0056508634166869045
241,124,-0.004812222371786243
244,124,0.002432845754625267
248,124,0.0010426481805536861
1,125,0.0019075277016087973
3,125,-0.005238364534418003
8,125,-0.10900787150193655
26,125,0.005797101449275362
29,125,0.19148542155126758
49,125,0.22395160411940412
122,125,0.11716941354706799
125,125,1.6400990487728269
126,125,0.20419648265499202
127,125,0.09552712572195877
128,125,-0.10900787150193655
129,125,0.18884524245927095
130,125,0.009977837208415245
134,125,0.08126605322836201
136,125,0.02011097383620184
137,125,-0.005238364534418003
143,125,0.02633144568676326
144,125,-0.00883183537521694
147,125,0.01952792276652153
148,125,-0.009178312556375927
152,125,0.11027744230836015
153,125,0.0009267011958685728
180,125,-0.0499708128069356
184,125,-0.005150324794343752
185,125,0.0011943012507331374
192,125,-0.006574747429139061
193,125,0.0019075277016087973
199,125,0.0019248889487144974
223,125,-0.07240577389447417
225,125,-0.0006635033876250728
226,125,0.00010550957254245719
259,125,0.002432845754625267
260,125,-0.0005863902732926824
268,125,-0.0007485679245000822
271,125,-0.0010426481805536861
1,126,-0.0005863902732926824
4,126,-0.0017848897813154579
9,126,-0.10900787150193655
26,126,2.2988627374612097e-5
27,126,0.0019718178420611077
30,126,0.19148542155126758
50,126,0.22395160411940412
122,126,0.003392672812256982
123,126,0.0681828426462101
125,126,0.20419648265499202
126,126,1.6930809814391048
127,126,0.11746341049038532
128,126,0.19148542155126758
130,126,0.16770761816170718
131,126,0.030547760003691533
132,126,0.0019718178420611077
135,126,0.1227494075985261
138,126,0.0487906199490025
146,126,-0.00883183537521694
147,126,-0.021187234921765517
150,126,-0.009178312556375927
153,126,0.06313692820940636
154,126,0.003929981603625432
155,126,0.00013264060548194621
181,126,-0.061306482114222356
187,126,0.0011943012507331374
192,126,0.014409932546626585
195,126,0.0019075277016087973
196,126,0.00617568537712568
202,126,-0.0008283403157411057
224,126,-0.041510480397418156
227,126,-0.0026730149429903495
254,126,0.018809943375954583
259,126,-0.006574747429139061
262,126,-0.0005863902732926824
265,126,-0.004812222371786243
274,126,0.0005478956190949217
3,127,-0.00010550957254245719
4,127,0.0004973200485101942
10,127,-0.10900787150193655
27,127,0.00013264060548194621
31,127,0.19148542155126758
51,127,0.22395160411940412
123,127,0.01226818197705774
125,127,0.09552712572195877
126,127,0.11746341049038532
127,127,1.4043640911742268
128,127,0.22395160411940412
131,127,0.1192094419766381
133,127,0.0019718178420611077
136,127,0.1192094419766381
138,127,-0.08704013577782194
140,127,0.005238364534418003
141,127,0.05108976084713062
143,127,-0.06370685614126999
151,127,0.004002033263000152
154,127,0.030547760003691533
156,127,0.00013264060548194621
182,127,-0.049234684802509227
184,127,0.03017573774714276
188,127,-0.021187234921765517
190,127,0.022086378501534318
201,127,-0.0019248889487144974
203,127,-0.0008283403157411057
225,127,-0.02011097383620184
227,127,0.008147416125983442
229,127,-0.00010550957254245719
255,127,0.01952792276652153
257,127,-0.013131419942712675
263,127,-0.0056508634166869045
270,127,0.0007485679245000822
275,127,0.0005478956190949217
1,128,0.0001190903516250131
3,128,1.4395537009616967e-5
11,128,-0.10900787150193655
27,128,2.430415339285981e-6
28,128,0.000568540040045713
32,128,0.19148542155126758
52,128,0.22395160411940412
123,128,0.000568540040045713
124,128,0.03251166599362857
125,128,-0.10900787150193655
126,128,0.19148542155126758
127,128,0.22395160411940412
128,128,1.3758684060962294
132,128,0.1192094419766381
133,128,0.030547760003691533
137,128,0.1192094419766381
140,128,-0.02011097383620184
142,128,0.05108976084713062
145,128,-0.049234684802509227
148,128,-0.021187234921765517
150,128,0.01952792276652153
155,128,0.030547760003691533
156,128,0.003929981603625432
183,128,-0.049234684802509227
186,128,0.014409932546626585
189,128,-0.021187234921765517
193,128,0.014409932546626585
195,128,-0.006574747429139061
197,128,0.00617568537712568
200,128,-0.004812222371786243
226,128,-0.02011097383620184
229,128,0.0006635033876250728
256,128,0.01952792276652153
260,128,-0.006574747429139061
262,128,0.002432845754625267
266,128,-0.004812222371786243
269,128,0.002432845754625267
273,128,0.0010426481805536861
1,129,0.0019248889487144974
5,129,-0.013043478260869565
12,129,-0.08369565217391305
29,129,0.014850653283999416
33,129,0.12222222222222219
53,129,0.22395160411940412
122,129,0.1182358238225806
125,129,0.18884524245927095
129,129,1.6297974529247243
130,129,0.15217391304347827
131,129,0.12268653095236923
132,129,-0.08369565217391305
133,129,-0.03915447016346177
134,129,0.08200569125836946
135,129,0.024620819918209552
141,129,0.041510480397418156
142,129,-0.013043478260869565
147,129,-0.018809943375954583
148,129,0.013825205817636892
152,129,0.11746341049038532
157,129,0.1629129912625669
158,129,0.0009267011958685728
180,129,0.12442685235873202
182,129,0.0026730149429903495
183,129,-0.0004973200485101942
206,129,-0.006574747429139061
207,129,0.0019075277016087973
212,129,-0.004812222371786243
213,129,0.0019248889487144974
230,129,-0.10559175359610816
232,129,-0.0006635033876250728
233,129,0.00010550957254245719
257,129,-0.00154817457112517
258,129,0.00030433613908329343
280,129,0.002432845754625267
281,129,-0.0007485679245000822
285,129,-0.0005478956190949217
1,130,-0.0007485679245000822
6,130,-0.005238364534418003
13,130,-0.08369565217391305
29,130,2.2988627374612097e-5
30,130,0.005797101449275362
34,130,0.12222222222222219
54,130,0.22395160411940412
123,130,0.08704013577782194
125,130,0.009977837208415245
126,130,0.16770761816170718
129,130,0.15217391304347827
130,130,1.76903968681294
131,130,0.1908457148147966
132,130,0.12222222222222219
135,130,0.15669814706114762
136,130,0.06313692820940636
137,130,0.005797101449275362
143,130,0.08266564361902784
147,130,0.061306482114222356
149,130,-0.018101443473618542
153,130,0.11746341049038532
158,130,0.11027744230836015
159,130,0.003929981603625432
160,130,0.00013264060548194621
181,130,0.11460367980409526
184,130,0.009169957075126009
210,130,0.0019075277016087973
212,130,0.00617568537712568
215,130,0.0019248889487144974
231,130,-0.07240577389447417
234,130,-0.0026730149429903495
254,130,-0.05530082327054757
259,130,-0.005150324794343752
261,130,0.00030433613908329343
280,130,-0.004812222371786243
283,130,-0.0007485679245000822
5,131,-0.00010550957254245719
14,131,-0.08369565217391305
30,131,0.00013264060548194621
31,131,0.0019718178420611077
35,131,0.12222222222222219
55,131,0.22395160411940412
122,131,0.008147416125983442
126,131,0.030547760003691533
127,131,0.1192094419766381
129,131,0.12268653095236923
130,131,0.1908457148147966
131,131,1.579528985507246
132,131,0.22395160411940412
133,131,0.19148542155126758
136,131,0.18732912310614558
138,131,0.11716941354706799
139,131,0.005797101449275362
141,131,0.08028390990263383
146,131,0.013043478260869565
147,131,-0.05088059739888543
151,131,-0.013825205817636892
154,131,0.11746341049038532
159,131,0.06313692820940636
161,131,0.01226818197705774
162,131,0.00013264060548194621
182,131,0.08266564361902784
187,131,0.0004973200485101942
206,131,0.022086378501534318
211,131,0.0019075277016087973
217,131,-0.0008283403157411057
232,131,-0.041510480397418156
237,131,-0.00010550957254245719
255,131,-0.043138956656952096
259,131,0.01301298307048355
277,131,-0.0056508634166869045
288,131,0.0005478956190949217
1,132,0.00018714198112502057
5,132,1.4395537009616967e-5
7,132,-0.0017848897813154579
15,132,-0.08369565217391305
30,132,2.430415339285981e-6
32,132,0.0019718178420611077
36,132,0.12222222222222219
56,132,0.22395160411940412
122,132,-0.0017848897813154579
124,132,0.051089760847130614
126,132,0.0019718178420611077
128,132,0.1192094419766381
129,132,-0.08369565217391305
130,132,0.12222222222222219
131,132,0.22395160411940412
132,132,1.5388984235952197
133,132,0.11746341049038532
137,132,0.18732912310614558
139,132,0.06313692820940636
142,132,0.08028390990263383
145,132,0.08266564361902784
146,132,-0.041510480397418156
150,132,-0.043138956656952096
155,132,0.11746341049038532
160,132,0.06313692820940636
162,132,0.003929981603625432
183,132,0.08266564361902784
186,132,0.009169957075126009
187,132,-0.0026730149429903495
209,132,0.014409932546626585
213,132,0.00617568537712568
215,132,-0.004812222371786243
233,132,-0.041510480397418156
236,132,-0.0026730149429903495
237,132,0.0006635033876250728
256,132,-0.043138956656952096
262,132,0.00154817457112517
281,132,-0.004812222371786243
283,132,0.002432845754625267
286,132,0.0010426481805536861
7,133,0.0004973200485101942
16,133,-0.08369565217391305
31,133,2.430415339285981e-6
32,133,0.00013264060548194621
37,133,0.12222222222222219
57,133,0.22395160411940412
124,133,-0.02363814762190417
127,133,0.0019718178420611077
128,133,0.030547760003691533
129,133,-0.03915447016346177
131,133,0.19148542155126758
132,133,0.11746341049038532
133,133,1.5024410717757735
139,133,0.16770761816170718
140,133,0.024620819918209552
144,133,0.1227494075985261
145,133,-0.1182358238225806
148,133,-0.05088059739888543
151,133,0.018809943375954583
156,133,0.11746341049038532
162,133,0.030547760003691533
163,133,0.0009267011958685728
185,133,0.0487906199490025
186,133,-0.02363814762190417
205,133,-0.021187234921765517
207,133,0.022086378501534318
211,133,-0.006574747429139061
216,133,-0.004812222371786243
235,133,-0.02011097383620184
236,133,0.008147416125983442
258,133,-0.02633144568676326
260,133,0.01301298307048355
278,133,-0.0056508634166869045
284,133,0.002432845754625267
287,133,0.0010426481805536861
1,134,0.0008283403157411057
8,134,-0.028065096711647947
12,134,0.0523881805284095
33,134,0.03367811605397753
58,134,0.22395160411940412
122,134,0.05088059739888543
125,134,0.08126605322836201
129,134,0.08200569125836946
134,134,1.4460524446239211
135,134,0.09586055474871703
136,134,0.10559175359610816
137,134,-0.0523881805284095
138,134,0.047222067780861146
139,134,-0.04223670143844327
141,134,-0.07240577389447417
142,134,0.028065096711647947
143,134,-0.05530082327054757
144,134,0.03091410001116165
145,134,0.01382520581763689
157,134,0.1908457148147966
164,134,0.0009267011958685728
180,134,-0.08924131981599595
188,134,0.0026730149429903495
189,134,-0.0004973200485101942
204,134,0.005150324794343752
205,134,-0.0011943012507331374
218,134,-0.0008283403157411057
223,134,-0.09552712572195877
230,134,0.12268653095236923
238,134,-0.0006635033876250728
239,134,0.00010550957254245719
263,134,-0.00154817457112517
264,134,0.00030433613908329343
277,134,-0.002432845754625267
278,134,0.0005863902732926824
1,135,-0.0005478956190949217
9,135,-0.013043478260869565
33,135,2.2988627374612097e-5
34,135,0.014850653283999416
38,135,0.06806549421833066
59,135,0.22395160411940412
123,135,0.06370685614126999
126,135,0.1227494075985261
129,135,0.024620819918209552
130,135,0.15669814706114762
134,135,0.09586055474871703
135,135,1.6046202195599824
136,135,0.19954965751036596
137,135,0.06806549421833066
138,135,0.08924131981599595
140,135,-0.03915447016346177
141,135,0.11027744230836015
142,135,0.014850653283999416
147,135,-0.0499708128069356
149,135,0.03091410001116165
150,135,0.01382520581763689
158,135,0.1908457148147966
164,135,0.1629129912625669
165,135,0.003929981603625432
166,135,0.00013264060548194621
190,135,0.009169957075126009
206,135,0.014409932546626585
208,135,-0.0011943012507331374
219,135,0.0019248889487144974
224,135,-0.09552712572195877
240,135,-0.0026730149429903495
254,135,0.047222067780861146
265,135,-0.005150324794343752
267,135,0.00030433613908329343
280,135,-0.006574747429139061
282,135,0.0005863902732926824
290,135,-0.0005478956190949217
8,136,-0.00010550957254245719
10,136,-0.005238364534418003
17,136,-0.0523881805284095
34,136,0.00013264060548194621
35,136,0.005797101449275362
39,136,0.06806549421833066
60,136,0.22395160411940412
125,136,0.02011097383620184
127,136,0.1192094419766381
130,136,0.06313692820940636
131,136,0.18732912310614558
134,136,0.10559175359610816
135,136,0.19954965751036596
136,136,1.596405789623248
137,136,0.22395160411940412
138,136,0.09830057292390378
139,136,0.12222222222222219
140,136,0.10900787150193655
141,136,0.08028390990263383
143,136,0.16661793144639842
144,136,0.014850653283999416
147,136,0.12356716511157888
149,136,0.028065096711647947
151,136,0.01382520581763689
159,136,0.1908457148147966
165,136,0.11027744230836015
167,136,0.01226818197705774
168,136,0.00013264060548194621
188,136,0.11460367980409526
192,136,0.02363814762190417
194,136,0.0004973200485101942
221,136,0.0019248889487144974
225,136,-0.09552712572195877
238,136,-0.07240577389447417
242,136,-0.008147416125983442
244,136,-0.00010550957254245719
280,136,0.013131419942712675
284,136,0.0005863902732926824
1,137,0.00018714198112502057
8,137,1.4395537009616967e-5
11,137,-0.005238364534418003
18,137,-0.0523881805284095
34,137,2.430415339285981e-6
36,137,0.005797101449275362
40,137,0.06806549421833066
61,137,0.22395160411940412
124,137,0.051089760847130614
125,137,-0.005238364534418003
128,137,0.1192094419766381
130,137,0.005797101449275362
132,137,0.18732912310614558
134,137,-0.0523881805284095
135,137,0.06806549421833066
136,137,0.22395160411940412
137,137,1.449399313501144
139,137,0.1908457148147966
140,137,-0.09552712572195877
142,137,0.08028390990263383
144,137,0.11027744230836015
148,137,0.11460367980409526
149,137,-0.07240577389447417
160,137,0.1908457148147966
166,137,0.11027744230836015
168,137,0.003929981603625432
189,137,0.11460367980409526
193,137,0.009169957075126009
194,137,-0.0026730149429903495
209,137,0.014409932546626585
210,137,-0.005150324794343752
218,137,0.00617568537712568
226,137,-0.09552712572195877
239,137,-0.07240577389447417
243,137,-0.0026730149429903495
244,137,0.0006635033876250728
268,137,-0.005150324794343752
269,137,0.00154817457112517
283,137,0.002432845754625267
290,137,0.0010426481805536861
9,138,-0.0004973200485101942
10,138,0.0017848897813154579
19,138,-0.0523881805284095
35,138,0.000568540040045713
41,138,0.06806549421833066
62,138,0.22395160411940412
122,138,0.01301298307048355
123,138,-0.03017573774714276
126,138,0.0487906199490025
127,138,-0.08704013577782194
131,138,0.11716941354706799
134,138,0.047222067780861146
135,138,0.08924131981599595
136,138,0.09830057292390378
138,138,1.3921658365863507
139,138,0.24845199749997654
140,138,-0.09749960430435688
143,138,0.15669814706114762
145,138,0.014850653283999416
147,138,-0.08126605322836201
150,138,0.028065096711647947
151,138,0.03091410001116165
161,138,0.1908457148147966
167,138,0.06313692820940636
169,138,0.00013264060548194621
190,138,0.08266564361902784
192,138,-0.0487906199490025
195,138,0.0004973200485101942
204,138,0.061306482114222356
206,138,-0.049234684802509227
211,138,0.0011943012507331374
222,138,-0.0008283403157411057
227,138,-0.09552712572195877
240,138,-0.041510480397418156
242,138,0.02011097383620184
245,138,-0.00010550957254245719
263,138,-0.043138956656952096
265,138,0.02633144568676326
270,138,-0.00030433613908329343
277,138,0.01952792276652153
292,138,0.0005478956190949217
20,139,-0.0523881805284095
35,139,2.430415339285981e-6
36,139,0.00013264060548194621
37,139,0.0019718178420611077
42,139,0.06806549421833066
63,139,0.22395160411940412
122,139,-0.003597560367317363
124,139,-0.03017573774714276
131,139,0.005797101449275362
132,139,0.06313692820940636
133,139,0.16770761816170718
134,139,-0.04223670143844327
136,139,0.12222222222222219
137,139,0.1908457148147966
138,139,0.24845199749997654
139,139,1.6282730216419137
140,139,0.2180157430038731
144,139,0.15669814706114762
145,139,0.16661793144639842
146,139,0.05217391304347826
151,139,-0.05530082327054757
162,139,0.1908457148147966
168,139,0.06313692820940636
169,139,0.01226818197705774
170,139,0.0009267011958685728
191,139,0.08266564361902784
205,139,0.061306482114222356
209,139,-0.03017573774714276
211,139,-0.005150324794343752
221,139,-0.004812222371786243
228,139,-0.09552712572195877
241,139,-0.041510480397418156
264,139,-0.043138956656952096
268,139,0.01301298307048355
270,139,0.00154817457112517
281,139,0.013131419942712675
291,139,0.0010426481805536861
10,140,-1.4395537009616967e-5
11,140,0.00010550957254245719
21,140,-0.0523881805284095
37,140,2.2988627374612097e-5
43,140,0.06806549421833066
64,140,0.22395160411940412
123,140,-0.003597560367317363
124,140,0.01301298307048355
127,140,0.005238364534418003
128,140,-0.02011097383620184
133,140,0.024620819918209552
135,140,-0.03915447016346177
136,140,0.10900787150193655
137,140,-0.09552712572195877
138,140,-0.09749960430435688
139,140,0.2180157430038731
140,140,1.271014305798597
146,140,0.18884524245927095
149,140,0.08126605322836201
150,140,-0.12356716511157888
151,140,0.0499708128069356
163,140,0.1908457148147966
170,140,0.030547760003691533
194,140,0.0487906199490025
195,140,-0.02363814762190417
208,140,0.049234684802509227
210,140,-0.03017573774714276
211,140,0.014409932546626585
220,140,-0.00617568537712568
229,140,-0.09552712572195877
244,140,-0.02011097383620184
245,140,0.008147416125983442
267,140,-0.02633144568676326
269,140,0.01301298307048355
270,140,-0.005150324794343752
279,140,-0.01952792276652153
282,140,0.013131419942712675
284,140,-0.006574747429139061
12,141,-0.00010550957254245719
14,141,-0.013043478260869565
17,141,0.028065096711647947
38,141,0.00013264060548194621
39,141,0.014850653283999416
65,141,0.22395160411940412
127,141,0.05108976084713062
129,141,0.041510480397418156
131,141,0.08028390990263383
134,141,-0.07240577389447417
135,141,0.11027744230836015
136,141,0.08028390990263383
141,141,1.4381954726970878
142,141,0.22395160411940412
143,141,0.17267676531717654
144,141,0.06806549421833066
146,141,0.08369565217391305
147,141,-0.08425033984880378
149,141,-0.0523881805284095
165,141,0.19954965751036596
171,141,0.01226818197705774
172,141,0.00013264060548194621
182,141,0.08924131981599595
188,141,-0.12442685235873202
196,141,0.02363814762190417
198,141,0.0004973200485101942
212,141,0.03017573774714276
220,141,-0.0019075277016087973
232,141,-0.12268653095236923
238,141,0.10559175359610816
246,141,-0.008147416125983442
248,141,-0.00010550957254245719
255,141,0.047222067780861146
271,141,-0.01301298307048355
287,141,0.0005863902732926824
291,141,0.0007485679245000822
1,142,8.020370619643739e-5
12,142,1.4395537009616967e-5
15,142,-0.013043478260869565
18,142,0.028065096711647947
38,142,2.430415339285981e-6
40,142,0.014850653283999416
66,142,0.22395160411940412
124,142,0.02189561179162741
128,142,0.05108976084713062
129,142,-0.013043478260869565
132,142,0.08028390990263383
134,142,0.028065096711647947
135,142,0.014850653283999416
137,142,0.08028390990263383
141,142,0.22395160411940412
142,142,1.2079319408922988
144,142,0.19954965751036596
145,142,0.08924131981599595
146,142,-0.12268653095236923
148,142,-0.12442685235873202
149,142,0.10559175359610816
150,142,0.047222067780861146
166,142,0.19954965751036596
172,142,0.003929981603625432
183,142,0.08924131981599595
189,142,-0.12442685235873202
197,142,0.009169957075126009
198,142,-0.0026730149429903495
213,142,0.014409932546626585
214,142,-0.005150324794343752
218,142,0.014409932546626585
219,142,-0.006574747429139061
233,142,-0.12268653095236923
239,142,0.10559175359610816
247,142,-0.0026730149429903495
248,142,0.0006635033876250728
256,142,0.047222067780861146
272,142,-0.005150324794343752
273,142,0.00154817457112517
285,142,-0.006574747429139061
286,142,0.002432845754625267
290,142,0.002432845754625267
13,143,-0.0004973200485101942
39,143,0.000568540040045713
41,143,0.005797101449275362
44,143,0.03367811605397753
67,143,0.22395160411940412
123,143,-0.022086378501534318
125,143,0.02633144568676326
127,143,-0.06370685614126999
130,143,0.08266564361902784
134,143,-0.05530082327054757
136,143,0.16661793144639842
138,143,0.15669814706114762
141,143,0.17267676531717654
143,143,1.2820485783939815
144,143,0.24845199749997654
145,143,0.12222222222222219
147,143,0.16178739643854767
148,143,0.03367811605397753
151,143,-0.04223670143844327
167,143,0.19954965751036596
171,143,0.11027744230836015
173,143,0.030547760003691533
174,143,0.00013264060548194621
184,143,0.08924131981599595
200,143,0.0004973200485101942
204,143,-0.0499708128069356
212,143,-0.049234684802509227
216,143,0.0011943012507331374
234,143,-0.12268653095236923
250,143,-0.00010550957254245719
263,143,0.05530082327054757
271,143,0.02633144568676326
275,143,-0.00030433613908329343
292,143,0.0007485679245000822
16,144,-0.005238364534418003
39,144,2.430415339285981e-6
40,144,0.00013264060548194621
42,144,0.005797101449275362
45,144,0.03367811605397753
68,144,0.22395160411940412
124,144,-0.022086378501534318
125,144,-0.00883183537521694
133,144,0.1227494075985261
134,144,0.03091410001116165
136,144,0.014850653283999416
137,144,0.11027744230836015
139,144,0.15669814706114762
141,144,0.06806549421833066
142,144,0.19954965751036596
143,144,0.24845199749997654
144,144,1.526852537353614
145,144,0.09830057292390378
146,144,0.20419648265499202
148,144,0.19322077086723743
149,144,0.09586055474871703
151,144,0.047222067780861146
168,144,0.19954965751036596
172,144,0.11027744230836015
174,144,0.01226818197705774
175,144,0.0009267011958685728
185,144,0.08924131981599595
199,144,0.02363814762190417
205,144,-0.0499708128069356
216,144,-0.005150324794343752
218,144,-0.022086378501534318
221,144,-0.006574747429139061
235,144,-0.12268653095236923
249,144,-0.008147416125983442
264,144,0.05530082327054757
275,144,0.00154817457112517
285,144,0.013131419942712675
288,144,0.002432845754625267
15,145,-0.0004973200485101942
16,145,0.0017848897813154579
22,145,-0.028065096711647947
41,145,2.430415339285981e-6
42,145,0.000568540040045713
46,145,0.03367811605397753
69,145,0.22395160411940412
122,145,-0.004710312200115702
128,145,-0.049234684802509227
132,145,0.08266564361902784
133,145,-0.1182358238225806
134,145,0.01382520581763689
138,145,0.014850653283999416
139,145,0.16661793144639842
142,145,0.08924131981599595
143,145,0.12222222222222219
144,145,0.09830057292390378
145,145,1.5224475030286713
146,145,0.15275252316519464
148,145,0.08200569125836946
150,145,0.09586055474871703
151,145,0.10559175359610816
169,145,0.19954965751036596
174,145,0.06313692820940636
176,145,0.0009267011958685728
186,145,0.08924131981599595
197,145,0.08266564361902784
199,145,-0.0487906199490025
201,145,0.0026730149429903495
213,145,-0.049234684802509227
236,145,-0.12268653095236923
247,145,-0.041510480397418156
249,145,0.02011097383620184
251,145,-0.0006635033876250728
272,145,0.02633144568676326
278,145,0.018809943375954583
292,145,-0.002432845754625267
14,146,-1.4395537009616967e-5
15,146,0.00010550957254245719
23,146,-0.028065096711647947
42,146,2.2988627374612097e-5
43,146,0.0019718178420611077
47,146,0.03367811605397753
70,146,0.22395160411940412
124,146,0.013131419942712675
126,146,-0.00883183537521694
131,146,0.013043478260869565
132,146,-0.041510480397418156
139,146,0.05217391304347826
140,146,0.18884524245927095
141,146,0.08369565217391305
142,146,-0.12268653095236923
144,146,0.20419648265499202
145,146,0.15275252316519464
146,146,1.441546828494937
149,146,0.08200569125836946
150,146,0.19322077086723743
151,146,-0.12442685235873202
170,146,0.19954965751036596
175,146,0.06313692820940636
176,146,0.01226818197705774
187,146,0.08924131981599595
198,146,0.08266564361902784
201,146,-0.009169957075126009
215,146,-0.03017573774714276
219,146,-0.022086378501534318
221,146,0.014409932546626585
237,146,-0.12268653095236923
248,146,-0.041510480397418156
251,146,0.0026730149429903495
274,146,0.01301298307048355
279,146,0.018809943375954583
286,146,0.013131419942712675
288,146,-0.006574747429139061
291,146,-0.004812222371786243
17,147,-0.0017848897813154579
19,147,0.005238364534418003
44,147,0.0019718178420611077
71,147,0.22395160411940412
122,147,-0.0056508634166869045
125,147,0.01952792276652153
126,147,-0.021187234921765517
129,147,-0.018809943375954583
130,147,0.061306482114222356
131,147,-0.05088059739888543
135,147,-0.0499708128069356
136,147,0.12356716511157888
138,147,-0.08126605322836201
141,147,-0.08425033984880378
143,147,0.16178739643854767
147,147,0.8408990293295043
148,147,0.19148542155126758
149,147,0.09749960430435688
150,147,-0.10900787150193655
151,147,0.03915447016346177
173,147,0.1629129912625669
177,147,0.00013264060548194621
192,147,0.12442685235873202
196,147,-0.11460367980409526
202,147,0.0004973200485101942
206,147,-0.0499708128069356
212,147,0.061306482114222356
217,147,0.0011943012507331374
222,147,0.0019075277016087973
242,147,-0.10559175359610816
246,147,0.07240577389447417
252,147,-0.00010550957254245719
259,147,-0.047222067780861146
265,147,0.05530082327054757
271,147,-0.043138956656952096
276,147,-0.00030433613908329343
280,147,-0.018809943375954583
289,147,-0.0005863902732926824
18,148,-0.0004973200485101942
22,148,0.013043478260869565
44,148,2.430415339285981e-6
45,148,0.000568540040045713
46,148,0.005797101449275362
72,148,0.22395160411940412
125,148,-0.009178312556375927
128,148,-0.021187234921765517
129,148,0.013825205817636892
133,148,-0.05088059739888543
137,148,0.11460367980409526
142,148,-0.12442685235873202
143,148,0.03367811605397753
144,148,0.19322077086723743
145,148,0.08200569125836946
147,148,0.19148542155126758
148,148,1.343596977311138
149,148,0.15275252316519464
150,148,0.20419648265499202
151,148,-0.12268653095236923
174,148,0.1629129912625669
177,148,0.030547760003691533
178,148,0.0009267011958685728
193,148,0.12442685235873202
197,148,-0.11460367980409526
203,148,0.0026730149429903495
207,148,-0.0499708128069356
218,148,0.021187234921765517
222,148,-0.006574747429139061
243,148,-0.10559175359610816
247,148,0.07240577389447417
253,148,-0.0006635033876250728
260,148,-0.047222067780861146
266,148,0.05530082327054757
285,148,-0.01952792276652153
289,148,0.002432845754625267
17,149,-1.4395537009616967e-5
18,149,0.00010550957254245719
21,149,-0.005238364534418003
23,149,0.013043478260869565
45,149,2.2988627374612097e-5
47,149,0.005797101449275362
73,149,0.22395160411940412
124,149,0.0056508634166869045
130,149,-0.018101443473618542
135,149,0.03091410001116165
136,149,0.028065096711647947
137,149,-0.07240577389447417
140,149,0.08126605322836201
141,149,-0.0523881805284095
142,149,0.10559175359610816
144,149,0.09586055474871703
146,149,0.08200569125836946
147,149,0.09749960430435688
148,149,0.15275252316519464
149,149,1.37890530354018
150,149,0.09830057292390378
151,149,0.08924131981599595
175,149,0.1629129912625669
178,149,0.01226818197705774
194,149,0.12442685235873202
198,149,-0.11460367980409526
202,149,0.02363814762190417
203,149,-0.009169957075126009
208,149,-0.0499708128069356
217,149,-0.014409932546626585
244,149,-0.10559175359610816
248,149,0.07240577389447417
252,149,-0.008147416125983442
253,149,0.0026730149429903495
261,149,-0.047222067780861146
267,149,0.05530082327054757
276,149,0.005150324794343752
290,149,-0.0056508634166869045
19,150,-1.4395537009616967e-5
21,150,0.0017848897813154579
46,150,2.2988627374612097e-5
47,150,0.000568540040045713
48,150,0.014850653283999416
74,150,0.22395160411940412
123,150,0.0034932610212246315
126,150,-0.009178312556375927
128,150,0.01952792276652153
132,150,-0.043138956656952096
135,150,0.01382520581763689
138,150,0.028065096711647947
140,150,-0.12356716511157888
142,150,0.047222067780861146
145,150,0.09586055474871703
146,150,0.19322077086723743
147,150,-0.10900787150193655
148,150,0.20419648265499202
149,150,0.09830057292390378
150,150,1.3562441109166778
151,150,0.19954965751036596
176,150,0.1629129912625669
178,150,0.06313692820940636
179,150,0.003929981603625432
195,150,0.12442685235873202
202,150,-0.0487906199490025
214,150,-0.061306482114222356
219,150,0.021187234921765517
222,150,0.014409932546626585
245,150,-0.10559175359610816
252,150,0.02011097383620184
262,150,-0.047222067780861146
273,150,0.043138956656952096
282,150,0.018809943375954583
286,150,-0.01952792276652153
289,150,-0.006574747429139061
22,151,-0.00010550957254245719
23,151,0.0004973200485101942
48,151,0.00013264060548194621
75,151,0.22395160411940412
127,151,0.004002033263000152
131,151,-0.013825205817636892
133,151,0.018809943375954583
136,151,0.01382520581763689
138,151,0.03091410001116165
139,151,-0.05530082327054757
140,151,0.0499708128069356
143,151,-0.04223670143844327
144,151,0.047222067780861146
145,151,0.10559175359610816
146,151,-0.12442685235873202
147,151,0.03915447016346177
148,151,-0.12268653095236923
149,151,0.08924131981599595
150,151,0.19954965751036596
151,151,0.9317801109765034
179,151,0.11027744230836015
201,151,0.11460367980409526
203,151,-0.08266564361902784
211,151,0.0499708128069356
216,151,-0.061306482114222356
217,151,0.049234684802509227
221,151,0.021187234921765517
222,151,-0.022086378501534318
251,151,-0.07240577389447417
253,151,0.041510480397418156
270,151,-0.05530082327054757
275,151,0.043138956656952096
276,151,-0.02633144568676326
284,151,0.018809943375954583
288,151,-0.01952792276652153
289,151,0.013131419942712675
292,151,0.0056508634166869045
2,152,0.004710312200115702
3,152,-0.00883183537521694
12,152,-0.03915447016346177
49,152,0.014850653283999416
53,152,0.19148542155126758
122,152,-0.08266564361902784
125,152,0.11027744230836015
129,152,0.11746341049038532
152,152,1.7178981394235797
153,152,0.15217391304347827
154,152,0.12268653095236923
155,152,-0.08369565217391305
156,152,-0.03915447016346177
157,152,0.16178739643854767
158,152,0.009977837208415245
165,152,0.02011097383620184
166,152,-0.005238364534418003
171,152,0.02633144568676326
172,152,-0.00883183537521694
177,152,0.004002033263000152
180,152,-0.08425033984880378
182,152,-0.008147416125983442
183,152,0.0017848897813154579
190,152,-0.01301298307048355
191,152,0.003597560367317363
196,152,-0.013131419942712675
197,152,0.004710312200115702
223,152,0.09586055474871703
224,152,0.00018714198112502054
297,152,0.002432845754625267
298,152,-0.0005863902732926824
306,152,0.002432845754625267
307,152,-0.0007485679245000822
311,152,-0.0005478956190949217
4,153,-0.003597560367317363
13,153,-0.03915447016346177
49,153,2.2988627374612097e-5
50,153,0.005797101449275362
54,153,0.19148542155126758
123,153,-0.0487906199490025
125,153,0.0009267011958685728
126,153,0.06313692820940636
130,153,0.11746341049038532
152,153,0.15217391304347827
153,153,1.7858418958735283
154,153,0.1908457148147966
155,153,0.12222222222222219
158,153,0.18884524245927095
159,153,0.030547760003691533
160,153,0.0019718178420611077
164,153,0.08126605322836201
167,153,0.0487906199490025
173,153,0.049234684802509227
175,153,-0.00883183537521694
178,153,-0.009178312556375927
181,153,-0.12356716511157888
184,153,-0.02363814762190417
192,153,-0.03017573774714276
194,153,0.003597560367317363
200,153,0.004710312200115702
202,153,0.0034932610212246315
224,153,0.05217391304347826
225,153,0.0009267011958685728
226,153,2.2988627374612097e-5
301,153,-0.0005863902732926824
306,153,-0.004812222371786243
309,153,-0.0007485679245000822
2,154,-0.0005863902732926824
4,154,0.0011943012507331374
14,154,-0.03915447016346177
50,154,0.00013264060548194621
51,154,0.0019718178420611077
55,154,0.19148542155126758
122,154,-0.0026730149429903495
126,154,0.003929981603625432
127,154,0.030547760003691533
131,154,0.11746341049038532
152,154,0.12268653095236923
153,154,0.1908457148147966
154,154,1.5346777269260103
155,154,0.22395160411940412
156,154,0.19148542155126758
159,154,0.16770761816170718
161,154,0.0681828426462101
162,154,0.0019718178420611077
165,154,0.1227494075985261
170,154,0.005238364534418003
173,154,-0.06370685614126999
179,154,-0.009178312556375927
182,154,-0.1182358238225806
187,154,-0.0017848897813154579
188,154,-0.05088059739888543
192,154,0.051089760847130614
196,154,0.02189561179162741
201,154,0.004710312200115702
225,154,0.024620819918209552
227,154,0.003392672812256982
228,154,2.2988627374612097e-5
293,154,0.018809943375954583
297,154,-0.013131419942712675
302,154,-0.0005863902732926824
303,154,-0.0056508634166869045
314,154,0.0005478956190949217
15,155,-0.03915447016346177
50,155,2.430415339285981e-6
52,155,0.0019718178420611077
56,155,0.19148542155126758
122,155,0.0004973200485101942
124,155,-0.02363814762190417
126,155,0.00013264060548194621
128,155,0.030547760003691533
132,155,0.11746341049038532
152,155,-0.08369565217391305
153,155,0.12222222222222219
154,155,0.22395160411940412
155,155,1.5024410717757735
156,155,0.11746341049038532
160,155,0.16770761816170718
162,155,0.030547760003691533
166,155,0.1227494075985261
169,155,0.0487906199490025
170,155,-0.02011097383620184
176,155,-0.02633144568676326
177,155,-0.021187234921765517
183,155,-0.1182358238225806
186,155,-0.02363814762190417
187,155,0.008147416125983442
189,155,-0.05088059739888543
195,155,0.01301298307048355
199,155,0.022086378501534318
202,155,-0.0056508634166869045
226,155,0.024620819918209552
228,155,0.0009267011958685728
294,155,0.018809943375954583
300,155,-0.006574747429139061
307,155,-0.004812222371786243
309,155,0.002432845754625267
312,155,0.0010426481805536861
2,156,0.0001190903516250131
3,156,5.103872212500561e-5
16,156,-0.03915447016346177
51,156,2.430415339285981e-6
52,156,0.00013264060548194621
57,156,0.19148542155126758
124,156,0.009169957075126009
127,156,0.00013264060548194621
128,156,0.003929981603625432
133,156,0.11746341049038532
152,156,-0.03915447016346177
154,156,0.19148542155126758
155,156,0.11746341049038532
156,156,1.4342245479427467
162,156,0.1192094419766381
163,156,0.009977837208415245
168,156,0.1192094419766381
169,156,-0.08704013577782194
172,156,0.05108976084713062
174,156,-0.06370685614126999
179,156,0.01952792276652153
185,156,-0.08704013577782194
186,156,0.051089760847130614
191,156,-0.06370685614126999
193,156,0.051089760847130614
197,156,0.02189561179162741
201,156,-0.013131419942712675
203,156,-0.0056508634166869045
228,156,0.009977837208415245
229,156,0.00018714198112502054
296,156,0.01952792276652153
298,156,-0.013131419942712675
302,156,0.002432845754625267
304,156,-0.0056508634166869045
310,156,0.002432845754625267
313,156,0.0010426481805536861
2,157,0.0034932610212246315
5,157,-0.018101443473618542
12,157,0.04223670143844327
53,157,0.03367811605397753
58,157,0.12222222222222219
76,157,0.24845199749997654
122,157,-0.061306482114222356
129,157,0.1629129912625669
134,157,0.1908457148147966
152,157,0.16178739643854767
157,157,1.694061373595967
158,157,0.09586055474871703
159,157,0.10559175359610816
160,157,-0.0523881805284095
161,157,0.047222067780861146
162,157,-0.04223670143844327
164,157,0.024620819918209552
171,157,-0.043138956656952096
172,157,0.018101443473618542
173,157,-0.018809943375954583
174,157,0.013825205817636892
180,157,0.17267676531717654
181,157,0.003392672812256982
204,157,-0.01301298307048355
205,157,0.003597560367317363
212,157,0.0056508634166869045
213,157,-0.0034932610212246315
223,157,0.2180157430038731
230,157,0.15217391304347827
231,157,0.00018714198112502054
295,157,-0.00154817457112517
296,157,0.00030433613908329343
316,157,0.002432845754625267
317,157,-0.0007485679245000822
6,158,-0.00883183537521694
53,158,2.2988627374612097e-5
54,158,0.014850653283999416
59,158,0.12222222222222219
77,158,0.24845199749997654
123,158,-0.049234684802509227
129,158,0.0009267011958685728
130,158,0.11027744230836015
135,158,0.1908457148147966
152,158,0.009977837208415245
153,158,0.18884524245927095
157,158,0.09586055474871703
158,158,1.8496937676672496
159,158,0.19954965751036596
160,158,0.06806549421833066
161,158,0.08924131981599595
163,158,-0.03915447016346177
164,158,0.08200569125836946
165,158,0.06313692820940636
166,158,0.005797101449275362
171,158,0.08266564361902784
178,158,0.013825205817636892
181,158,0.19322077086723743
182,158,0.01226818197705774
183,158,0.000568540040045713
206,158,-0.03017573774714276
208,158,0.003597560367317363
212,158,-0.022086378501534318
214,158,0.004710312200115702
224,158,0.2180157430038731
231,158,0.09586055474871703
232,158,0.0009267011958685728
233,158,2.2988627374612097e-5
297,158,-0.005150324794343752
299,158,0.00030433613908329343
320,158,-0.0007485679245000822
323,158,-0.0005478956190949217
2,159,-0.0007485679245000822
17,159,-0.04223670143844327
54,159,0.00013264060548194621
55,159,0.005797101449275362
60,159,0.12222222222222219
78,159,0.24845199749997654
130,159,0.003929981603625432
131,159,0.06313692820940636
136,159,0.1908457148147966
153,159,0.030547760003691533
154,159,0.16770761816170718
157,159,0.10559175359610816
158,159,0.19954965751036596
159,159,1.772403007732459
160,159,0.22395160411940412
161,159,0.09830057292390378
162,159,0.12222222222222219
163,159,0.10900787150193655
165,159,0.15669814706114762
167,159,0.11716941354706799
168,159,0.005797101449275362
173,159,0.1182358238225806
175,159,0.013043478260869565
182,159,0.16661793144639842
184,159,0.03251166599362857
185,159,0.000568540040045713
212,159,0.02189561179162741
216,159,0.004710312200115702
217,159,0.0034932610212246315
225,159,0.2180157430038731
232,159,0.05217391304347826
234,159,0.003392672812256982
235,159,2.2988627374612097e-5
293,159,-0.05530082327054757
316,159,-0.0056508634166869045
322,159,-0.0007485679245000822
7,160,-0.003597560367317363
18,160,-0.04223670143844327
54,160,2.430415339285981e-6
56,160,0.005797101449275362
61,160,0.12222222222222219
79,160,0.24845199749997654
124,160,-0.03017573774714276
130,160,0.00013264060548194621
132,160,0.06313692820940636
137,160,0.1908457148147966
153,160,0.0019718178420611077
155,160,0.16770761816170718
157,160,-0.0523881805284095
158,160,0.06806549421833066
159,160,0.22395160411940412
160,160,1.6282730216419135
162,160,0.1908457148147966
163,160,-0.09552712572195877
166,160,0.15669814706114762
168,160,0.06313692820940636
174,160,0.08266564361902784
175,160,-0.041510480397418156
177,160,0.061306482114222356
178,160,-0.043138956656952096
183,160,0.16661793144639842
185,160,0.01226818197705774
209,160,-0.03017573774714276
210,160,0.01301298307048355
215,160,0.013131419942712675
226,160,0.2180157430038731
233,160,0.05217391304347826
235,160,0.0009267011958685728
294,160,-0.05530082327054757
300,160,-0.005150324794343752
301,160,0.00154817457112517
319,160,-0.004812222371786243
323,160,0.0010426481805536861
5,161,-0.00030433613908329343
6,161,0.0011943012507331374
19,161,-0.04223670143844327
55,161,0.000568540040045713
62,161,0.12222222222222219
80,161,0.24845199749997654
122,161,-0.005150324794343752
123,161,0.014409932546626585
131,161,0.01226818197705774
138,161,0.1908457148147966
154,161,0.0681828426462101
157,161,0.047222067780861146
158,161,0.08924131981599595
159,161,0.09830057292390378
161,161,1.5059416176844493
162,161,0.24845199749997654
163,161,-0.09749960430435688
167,161,0.18732912310614558
169,161,0.005797101449275362
171,161,0.08028390990263383
173,161,-0.1227494075985261
176,161,0.013043478260869565
179,161,0.018101443473618542
184,161,0.11716941354706799
186,161,0.000568540040045713
204,161,-0.05088059739888543
206,161,0.06370685614126999
211,161,-0.003597560367317363
227,161,0.2180157430038731
234,161,0.024620819918209552
236,161,2.2988627374612097e-5
295,161,-0.043138956656952096
297,161,0.02633144568676326
302,161,-0.00030433613908329343
325,161,0.0005478956190949217
2,162,0.00018714198112502057
5,162,5.103872212500561e-5
7,162,0.0011943012507331374
20,162,-0.04223670143844327
55,162,2.430415339285981e-6
56,162,0.00013264060548194621
57,162,0.0019718178420611077
63,162,0.12222222222222219
81,162,0.24845199749997654
122,162,0.0011943012507331374
124,162,0.014409932546626585
131,162,0.00013264060548194621
132,162,0.003929981603625432
133,162,0.030547760003691533
139,162,0.1908457148147966
154,162,0.0019718178420611077
155,162,0.030547760003691533
156,162,0.1192094419766381
157,162,-0.04223670143844327
159,162,0.12222222222222219
160,162,0.1908457148147966
161,162,0.24845199749997654
162,162,1.7205327096513658
163,162,0.2180157430038731
168,162,0.18732912310614558
169,162,0.11716941354706799
170,162,0.024620819918209552
172,162,0.08028390990263383
177,162,-0.05088059739888543
179,162,-0.043138956656952096
185,162,0.11716941354706799
186,162,0.03251166599362857
187,162,0.003392672812256982
205,162,-0.05088059739888543
209,162,0.051089760847130614
211,162,0.01301298307048355
213,162,0.02189561179162741
217,162,-0.0056508634166869045
228,162,0.2180157430038731
235,162,0.024620819918209552
236,162,0.003392672812256982
237,162,0.00018714198112502054
296,162,-0.043138956656952096
300,162,0.01301298307048355
302,162,0.00154817457112517
317,162,-0.0056508634166869045
322,162,0.002432845754625267
324,162,0.0010426481805536861
6,163,5.103872212500561e-5
7,163,-0.00030433613908329343
21,163,-0.04223670143844327
57,163,2.2988627374612097e-5
64,163,0.12222222222222219
82,163,0.24845199749997654
123,163,0.0011943012507331374
124,163,-0.005150324794343752
133,163,0.0009267011958685728
140,163,0.1908457148147966
156,163,0.009977837208415245
158,163,-0.03915447016346177
159,163,0.10900787150193655
160,163,-0.09552712572195877
161,163,-0.09749960430435688
162,163,0.2180157430038731
163,163,1.2971775399709842
170,163,0.16770761816170718
175,163,0.1227494075985261
176,163,-0.1182358238225806
178,163,-0.05088059739888543
179,163,0.061306482114222356
187,163,0.0681828426462101
208,163,-0.06370685614126999
210,163,0.051089760847130614
211,163,-0.03017573774714276
214,163,0.02189561179162741
216,163,-0.022086378501534318
229,163,0.2180157430038731
237,163,0.009977837208415245
299,163,-0.02633144568676326
301,163,0.01301298307048355
302,163,-0.005150324794343752
318,163,-0.0056508634166869045
321,163,0.004812222371786243
9,164,-0.018101443473618542
13,164,0.03091410001116165
58,164,2.2988627374612097e-5
59,164,0.03367811605397753
83,164,0.24845199749997654
123,164,-0.021187234921765517
134,164,0.0009267011958685728
135,164,0.1629129912625669
153,164,0.08126605322836201
157,164,0.024620819918209552
158,164,0.08200569125836946
164,164,1.7261508951406643
165,164,0.1629129912625669
166,164,0.03367811605397753
167,164,0.12442685235873202
170,164,-0.04223670143844327
171,164,-0.11460367980409526
173,164,-0.0499708128069356
175,164,0.03091410001116165
176,164,0.01382520581763689
181,164,0.09830057292390378
188,164,0.01226818197705774
189,164,0.000568540040045713
204,164,0.02363814762190417
219,164,-0.0034932610212246315
231,164,0.20419648265499202
238,164,0.0009267011958685728
239,164,2.2988627374612097e-5
303,164,-0.005150324794343752
305,164,0.00030433613908329343
316,164,-0.006574747429139061
318,164,0.0005863902732926824
2,165,-0.0005478956190949217
10,165,-0.00883183537521694
17,165,0.03091410001116165
59,165,0.00013264060548194621
60,165,0.014850653283999416
65,165,0.06806549421833066
84,165,0.24845199749997654
135,165,0.003929981603625432
136,165,0.11027744230836015
141,165,0.19954965751036596
152,165,0.02011097383620184
154,165,0.1227494075985261
158,165,0.06313692820940636
159,165,0.15669814706114762
164,165,0.1629129912625669
165,165,1.7766337999730781
166,165,0.22395160411940412
167,165,0.17267676531717654
168,165,0.06806549421833066
170,165,0.08369565217391305
171,165,0.16661793144639842
172,165,0.014850653283999416
179,165,0.01382520581763689
182,165,0.09830057292390378
188,165,0.19322077086723743
190,165,0.03251166599362857
191,165,0.000568540040045713
206,165,0.051089760847130614
208,165,0.0017848897813154579
220,165,0.004710312200115702
232,165,0.20419648265499202
238,165,0.09586055474871703
240,165,0.003392672812256982
241,165,2.2988627374612097e-5
293,165,0.047222067780861146
306,165,-0.01301298307048355
321,165,0.0005863902732926824
326,165,-0.0005478956190949217
11,166,-0.00883183537521694
18,166,0.03091410001116165
59,166,2.430415339285981e-6
61,166,0.014850653283999416
66,166,0.06806549421833066
85,166,0.24845199749997654
124,166,-0.022086378501534318
135,166,0.00013264060548194621
137,166,0.11027744230836015
142,166,0.19954965751036596
152,166,-0.005238364534418003
155,166,0.1227494075985261
158,166,0.005797101449275362
160,166,0.15669814706114762
164,166,0.03367811605397753
165,166,0.22395160411940412
166,166,1.526852537353614
168,166,0.19954965751036596
169,166,0.08924131981599595
170,166,-0.12268653095236923
172,166,0.11027744230836015
177,166,-0.0499708128069356
178,166,0.05530082327054757
183,166,0.09830057292390378
189,166,0.19322077086723743
191,166,0.01226818197705774
207,166,0.02363814762190417
208,166,-0.008147416125983442
218,166,-0.022086378501534318
219,166,0.013131419942712675
233,166,0.20419648265499202
239,166,0.09586055474871703
241,166,0.0009267011958685728
294,166,0.047222067780861146
307,166,-0.005150324794343752
308,166,0.00154817457112517
319,166,-0.006574747429139061
320,166,0.002432845754625267
8,167,-0.00030433613908329343
10,167,0.003597560367317363
60,167,0.000568540040045713
62,167,0.005797101449275362
67,167,0.06806549421833066
86,167,0.24845199749997654
123,167,0.014409932546626585
136,167,0.01226818197705774
138,167,0.06313692820940636
143,167,0.19954965751036596
153,167,0.0487906199490025
159,167,0.11716941354706799
161,167,0.18732912310614558
164,167,0.12442685235873202
165,167,0.17267676531717654
167,167,1.6467980212680033
168,167,0.24845199749997654
169,167,0.12222222222222219
171,167,0.08028390990263383
173,167,0.18884524245927095
174,167,0.014850653283999416
178,167,0.028065096711647947
184,167,0.09830057292390378
190,167,0.16661793144639842
192,167,0.0681828426462101
193,167,0.000568540040045713
204,167,0.12356716511157888
210,167,0.0017848897813154579
222,167,0.0034932610212246315
234,167,0.20419648265499202
240,167,0.05217391304347826
242,167,0.009977837208415245
243,167,2.2988627374612097e-5
306,167,0.02633144568676326
310,167,-0.00030433613908329343
316,167,0.01952792276652153
2,168,0.00018714198112502057
8,168,5.103872212500561e-5
60,168,2.430415339285981e-6
61,168,0.00013264060548194621
63,168,0.005797101449275362
68,168,0.06806549421833066
87,168,0.24845199749997654
124,168,0.014409932546626585
136,168,0.00013264060548194621
137,168,0.003929981603625432
139,168,0.06313692820940636
144,168,0.19954965751036596
156,168,0.1192094419766381
159,168,0.005797101449275362
160,168,0.06313692820940636
162,168,0.18732912310614558
165,168,0.06806549421833066
166,168,0.19954965751036596
167,168,0.24845199749997654
168,168,1.8312886062128886
169,168,0.09830057292390378
170,168,0.20419648265499202
172,168,0.08028390990263383
174,168,0.16661793144639842
175,168,0.05217391304347826
177,168,0.12356716511157888
185,168,0.09830057292390378
191,168,0.16661793144639842
193,168,0.03251166599362857
194,168,0.003392672812256982
205,168,0.12356716511157888
209,168,0.051089760847130614
218,168,0.02189561179162741
221,168,0.013131419942712675
235,168,0.20419648265499202
241,168,0.05217391304347826
243,168,0.003392672812256982
244,168,0.00018714198112502054
310,168,0.00154817457112517
319,168,0.013131419942712675
322,168,0.002432845754625267
326,168,0.0010426481805536861
11,169,0.0011943012507331374
22,169,-0.03091410001116165
62,169,2.430415339285981e-6
63,169,0.000568540040045713
69,169,0.06806549421833066
88,169,0.24845199749997654
122,169,0.0019075277016087973
138,169,0.00013264060548194621
139,169,0.01226818197705774
145,169,0.19954965751036596
155,169,0.0487906199490025
156,169,-0.08704013577782194
161,169,0.005797101449275362
162,169,0.11716941354706799
166,169,0.08924131981599595
167,169,0.12222222222222219
168,169,0.09830057292390378
169,169,1.7986028850899625
170,169,0.15275252316519464
174,169,0.15669814706114762
176,169,0.05217391304347826
177,169,-0.08126605322836201
179,169,0.07240577389447417
186,169,0.09830057292390378
193,169,0.11716941354706799
195,169,0.003392672812256982
207,169,0.1182358238225806
209,169,-0.08704013577782194
211,169,0.008147416125983442
222,169,-0.0056508634166869045
236,169,0.20419648265499202
243,169,0.024620819918209552
245,169,0.00018714198112502054
304,169,-0.043138956656952096
307,169,0.02633144568676326
317,169,0.01952792276652153
327,169,0.0010426481805536861
9,170,5.103872212500561e-5
23,170,-0.03091410001116165
63,170,2.2988627374612097e-5
64,170,0.0019718178420611077
70,170,0.06806549421833066
89,170,0.24845199749997654
124,170,-0.006574747429139061
139,170,0.0009267011958685728
140,170,0.030547760003691533
146,170,0.19954965751036596
154,170,0.005238364534418003
155,170,-0.02011097383620184
162,170,0.024620819918209552
163,170,0.16770761816170718
164,170,-0.04223670143844327
165,170,0.08369565217391305
166,170,-0.12268653095236923
168,170,0.20419648265499202
169,170,0.15275252316519464
170,170,1.6550528334903751
175,170,0.15669814706114762
176,170,0.16661793144639842
179,170,-0.11460367980409526
187,170,0.09830057292390378
194,170,0.11716941354706799
195,170,0.03251166599362857
208,170,0.1182358238225806
211,170,-0.02363814762190417
219,170,0.02189561179162741
221,170,-0.022086378501534318
237,170,0.20419648265499202
244,170,0.024620819918209552
245,170,0.003392672812256982
305,170,-0.043138956656952096
309,170,0.01301298307048355
320,170,0.013131419942712675
322,170,-0.006574747429139061
12,171,-0.00030433613908329343
19,171,0.018101443473618542
65,171,0.000568540040045713
67,171,0.014850653283999416
90,171,0.24845199749997654
123,171,0.00617568537712568
141,171,0.01226818197705774
143,171,0.11027744230836015
152,171,0.02633144568676326
157,171,-0.043138956656952096
158,171,0.08266564361902784
161,171,0.08028390990263383
164,171,-0.11460367980409526
165,171,0.16661793144639842
167,171,0.08028390990263383
171,171,1.5920889980706239
172,171,0.24845199749997654
173,171,0.08755552150384377
174,171,0.06806549421833066
176,171,0.08369565217391305
178,171,-0.0523881805284095
179,171,-0.04223670143844327
190,171,0.17267676531717654
196,171,0.0681828426462101
197,171,0.000568540040045713
204,171,-0.08425033984880378
212,171,0.08704013577782194
214,171,0.0017848897813154579
220,171,0.003597560367317363
240,171,0.15217391304347827
246,171,0.009977837208415245
247,171,2.2988627374612097e-5
295,171,0.047222067780861146
313,171,-0.00030433613908329343
327,171,0.0007485679245000822
2,172,8.020370619643739e-5
12,172,5.103872212500561e-5
16,172,-0.00883183537521694
20,172,0.018101443473618542
65,172,2.430415339285981e-6
66,172,0.00013264060548194621
68,172,0.014850653283999416
91,172,0.24845199749997654
124,172,0.00617568537712568
141,172,0.00013264060548194621
142,172,0.003929981603625432
144,172,0.11027744230836015
152,172,-0.00883183537521694
156,172,0.05108976084713062
157,172,0.018101443473618542
162,172,0.08028390990263383
165,172,0.014850653283999416
166,172,0.11027744230836015
168,172,0.08028390990263383
171,172,0.24845199749997654
172,172,1.7268667459355975
174,172,0.17267676531717654
175,172,0.15217391304347827
177,172,-0.08425033984880378
179,172,0.047222067780861146
191,172,0.17267676531717654
197,172,0.03251166599362857
198,172,0.003392672812256982
205,172,-0.08425033984880378
213,172,0.051089760847130614
218,172,0.051089760847130614
220,172,-0.01301298307048355
241,172,0.15217391304347827
247,172,0.003392672812256982
248,172,0.00018714198112502054
296,172,0.047222067780861146
311,172,-0.01301298307048355
313,172,0.00154817457112517
324,172,0.002432845754625267
326,172,0.002432845754625267
13,173,-0.0011943012507331374
14,173,0.003597560367317363
67,173,0.0019718178420611077
71,173,0.03367811605397753
92,173,0.24845199749997654
122,173,0.004812222371786243
143,173,0.030547760003691533
147,173,0.1629129912625669
153,173,0.049234684802509227
154,173,-0.06370685614126999
157,173,-0.018809943375954583
159,173,0.1182358238225806
161,173,-0.1227494075985261
164,173,-0.0499708128069356
167,173,0.18884524245927095
171,173,0.08755552150384377
173,173,1.3732272924425297
174,173,0.19148542155126758
175,173,0.09749960430435688
176,173,-0.10900787150193655
177,173,0.03367811605397753
192,173,0.17267676531717654
196,173,0.16661793144639842
199,173,0.000568540040045713
212,173,-0.1182358238225806
215,173,0.0017848897813154579
221,173,0.003597560367317363
242,173,0.15217391304347827
246,173,0.05217391304347826
249,173,2.2988627374612097e-5
303,173,0.05530082327054757
314,173,-0.00030433613908329343
316,173,-0.018809943375954583
325,173,-0.0005863902732926824
16,174,0.003597560367317363
22,174,0.018101443473618542
67,174,2.430415339285981e-6
68,174,0.000568540040045713
69,174,0.005797101449275362
72,174,0.03367811605397753
93,174,0.24845199749997654
143,174,0.00013264060548194621
144,174,0.01226818197705774
145,174,0.06313692820940636
148,174,0.1629129912625669
156,174,-0.06370685614126999
157,174,0.013825205817636892
160,174,0.08266564361902784
167,174,0.014850653283999416
168,174,0.16661793144639842
169,174,0.15669814706114762
171,174,0.06806549421833066
172,174,0.17267676531717654
173,174,0.19148542155126758
174,174,1.7731541930273251
175,174,0.15275252316519464
176,174,0.20419648265499202
177,174,0.16178739643854767
178,174,0.09586055474871703
193,174,0.17267676531717654
197,174,0.16661793144639842
199,174,0.0681828426462101
200,174,0.003392672812256982
216,174,0.008147416125983442
218,174,-0.06370685614126999
243,174,0.15217391304347827
247,174,0.05217391304347826
249,174,0.009977837208415245
250,174,0.00018714198112502054
304,174,0.05530082327054757
311,174,0.02633144568676326
325,174,0.002432845754625267
13,175,5.103872212500561e-5
23,175,0.018101443473618542
68,175,2.2988627374612097e-5
70,175,0.005797101449275362
73,175,0.03367811605397753
94,175,0.24845199749997654
124,175,-0.004812222371786243
144,175,0.0009267011958685728
146,175,0.06313692820940636
149,175,0.1629129912625669
153,175,-0.00883183537521694
159,175,0.013043478260869565
160,175,-0.041510480397418156
163,175,0.1227494075985261
164,175,0.03091410001116165
168,175,0.05217391304347826
170,175,0.15669814706114762
172,175,0.15217391304347827
173,175,0.09749960430435688
174,175,0.15275252316519464
175,175,1.723738240528858
176,175,0.09830057292390378
178,175,0.19322077086723743
194,175,0.17267676531717654
198,175,0.16661793144639842
200,175,0.03251166599362857
215,175,0.051089760847130614
216,175,-0.02363814762190417
221,175,-0.03017573774714276
244,175,0.15217391304347827
248,175,0.05217391304347826
250,175,0.003392672812256982
305,175,0.05530082327054757
314,175,0.005150324794343752
323,175,0.013131419942712675
326,175,-0.004812222371786243
15,176,0.00030433613908329343
69,176,2.2988627374612097e-5
70,176,0.000568540040045713
74,176,0.03367811605397753
95,176,0.24845199749997654
123,176,-0.0019248889487144974
145,176,0.0009267011958685728
146,176,0.01226818197705774
150,176,0.1629129912625669
155,176,-0.02633144568676326
161,176,0.013043478260869565
163,176,-0.1182358238225806
164,176,0.01382520581763689
169,176,0.05217391304347826
170,176,0.16661793144639842
171,176,0.08369565217391305
173,176,-0.10900787150193655
174,176,0.20419648265499202
175,176,0.09830057292390378
176,176,1.7429405782145044
178,176,0.08200569125836946
179,176,0.1629129912625669
195,176,0.17267676531717654
200,176,0.11716941354706799
201,176,0.01226818197705774
214,176,0.1182358238225806
215,176,-0.08704013577782194
219,176,-0.06370685614126999
245,176,0.15217391304347827
250,176,0.024620819918209552
251,176,0.0009267011958685728
312,176,0.02633144568676326
318,176,0.018809943375954583
325,176,-0.006574747429139061
327,176,-0.004812222371786243
18,177,-0.0011943012507331374
20,177,0.003597560367317363
22,177,-0.00883183537521694
71,177,2.430415339285981e-6
72,177,0.0019718178420611077
96,177,0.24845199749997654
122,177,-0.0008283403157411057
147,177,0.00013264060548194621
148,177,0.030547760003691533
152,177,0.004002033263000152
155,177,-0.021187234921765517
160,177,0.061306482114222356
162,177,-0.05088059739888543
166,177,-0.0499708128069356
168,177,0.12356716511157888
169,177,-0.08126605322836201
172,177,-0.08425033984880378
173,177,0.03367811605397753
174,177,0.16178739643854767
177,177,1.4502226634360837
178,177,0.2180157430038731
179,177,-0.09552712572195877
199,177,0.19322077086723743
202,177,0.003392672812256982
209,177,0.08425033984880378
213,177,-0.12356716511157888
217,177,0.008147416125983442
218,177,0.05088059739888543
222,177,0.01301298307048355
249,177,0.09586055474871703
252,177,0.00018714198112502054
300,177,-0.047222067780861146
307,177,0.05530082327054757
311,177,-0.043138956656952096
315,177,-0.00154817457112517
319,177,-0.018809943375954583
18,178,0.00030433613908329343
21,178,0.003597560367317363
72,178,2.2988627374612097e-5
73,178,0.000568540040045713
74,178,0.005797101449275362
97,178,0.24845199749997654
123,178,-0.0008283403157411057
148,178,0.0009267011958685728
149,178,0.01226818197705774
150,178,0.06313692820940636
153,178,-0.009178312556375927
158,178,0.013825205817636892
160,178,-0.043138956656952096
163,178,-0.05088059739888543
166,178,0.05530082327054757
167,178,0.028065096711647947
171,178,-0.0523881805284095
174,178,0.09586055474871703
175,178,0.19322077086723743
176,178,0.08200569125836946
177,178,0.2180157430038731
178,178,1.6881878075410177
179,178,0.1908457148147966
200,178,0.19322077086723743
202,178,0.0681828426462101
203,178,0.01226818197705774
210,178,0.08425033984880378
214,178,-0.12356716511157888
222,178,-0.03017573774714276
250,178,0.09586055474871703
252,178,0.009977837208415245
253,178,0.0009267011958685728
301,178,-0.047222067780861146
308,178,0.05530082327054757
315,178,0.005150324794343752
323,178,-0.01952792276652153
19,179,-5.103872212500561e-5
20,179,0.00030433613908329343
21,179,-0.0011943012507331374
74,179,0.00013264060548194621
75,179,0.014850653283999416
98,179,0.24845199749997654
150,179,0.003929981603625432
151,179,0.11027744230836015
154,179,-0.009178312556375927
156,179,0.01952792276652153
161,179,0.018101443473618542
162,179,-0.043138956656952096
163,179,0.061306482114222356
165,179,0.01382520581763689
169,179,0.07240577389447417
170,179,-0.11460367980409526
171,179,-0.04223670143844327
172,179,0.047222067780861146
176,179,0.1629129912625669
177,179,-0.09552712572195877
178,179,0.1908457148147966
179,179,1.4501104904204243
201,179,0.19322077086723743
203,179,0.11716941354706799
211,179,0.08425033984880378
217,179,-0.08704013577782194
220,179,-0.05088059739888543
222,179,0.051089760847130614
251,179,0.09586055474871703
253,179,0.024620819918209552
302,179,-0.047222067780861146
313,179,0.043138956656952096
315,179,-0.01301298307048355
321,179,0.018809943375954583
324,179,-0.01952792276652153
327,179,0.0056508634166869045
3,180,0.004002033263000152
5,180,-0.013825205817636892
8,180,0.01382520581763689
76,180,0.06806549421833066
125,180,-0.0499708128069356
129,180,0.12442685235873202
134,180,-0.08924131981599595
152,180,-0.08425033984880378
157,180,0.17267676531717654
180,180,1.466414838246511
181,180,0.05217391304347826
182,180,0.07240577389447417
183,180,-0.028065096711647947
184,180,0.05530082327054757
185,180,-0.03091410001116165
186,180,-0.01382520581763689
188,180,-0.041510480397418156
189,180,0.013043478260869565
190,180,-0.043138956656952096
191,180,0.018101443473618542
192,180,-0.018809943375954583
193,180,0.013825205817636892
204,180,0.02633144568676326
205,180,-0.00883183537521694
206,180,0.01952792276652153
207,180,-0.009178312556375927
209,180,-0.004002033263000152
230,180,0.15275252316519464
254,180,0.00018714198112502054
293,180,0.0006635033876250728
294,180,-0.00010550957254245719
328,180,-0.0010426481805536861
329,180,0.0005478956190949217
4,181,0.0034932610212246315
6,181,-0.009178312556375927
13,181,0.01382520581763689
76,181,2.2988627374612097e-5
77,181,0.03367811605397753
83,181,0.12222222222222219
126,181,-0.061306482114222356
130,181,0.11460367980409526
153,181,-0.12356716511157888
157,181,0.003392672812256982
158,181,0.19322077086723743
164,181,0.09830057292390378
180,181,0.05217391304347826
181,181,1.68212149085416
182,181,0.1629129912625669
183,181,0.03367811605397753
184,181,0.12442685235873202
187,181,-0.04223670143844327
188,181,0.06313692820940636
189,181,0.005797101449275362
196,181,-0.061306482114222356
198,181,0.018101443473618542
200,181,0.013825205817636892
204,181,-0.0487906199490025
212,181,0.021187234921765517
214,181,-0.009178312556375927
215,181,-0.004002033263000152
231,181,0.15275252316519464
254,181,0.15217391304347827
255,181,0.0009267011958685728
256,181,2.2988627374612097e-5
295,181,0.0026730149429903495
328,181,0.004812222371786243
330,181,-0.0007485679245000822
4,182,-0.0019248889487144974
17,182,0.01382520581763689
77,182,0.00013264060548194621
78,182,0.014850653283999416
84,182,0.12222222222222219
127,182,-0.049234684802509227
129,182,0.0026730149429903495
131,182,0.08266564361902784
141,182,0.08924131981599595
152,182,-0.008147416125983442
154,182,-0.1182358238225806
158,182,0.01226818197705774
159,182,0.16661793144639842
165,182,0.09830057292390378
180,182,0.07240577389447417
181,182,0.1629129912625669
182,182,1.7744679259957221
183,182,0.22395160411940412
184,182,0.17267676531717654
185,182,0.06806549421833066
187,182,0.08369565217391305
188,182,0.08200569125836946
190,182,0.11716941354706799
191,182,0.005797101449275362
196,182,0.1182358238225806
198,182,0.013043478260869565
203,182,0.013825205817636892
206,182,-0.08704013577782194
208,182,-0.005238364534418003
212,182,-0.06370685614126999
217,182,-0.004002033263000152
232,182,0.15275252316519464
255,182,0.09586055474871703
257,182,0.003392672812256982
258,182,2.2988627374612097e-5
293,182,0.10559175359610816
297,182,0.008147416125983442
299,182,0.00010550957254245719
328,182,-0.0056508634166869045
333,182,-0.0007485679245000822
335,182,-0.0005478956190949217
7,183,-0.004710312200115702
18,183,0.01382520581763689
77,183,2.430415339285981e-6
79,183,0.014850653283999416
85,183,0.12222222222222219
128,183,-0.049234684802509227
129,183,-0.0004973200485101942
132,183,0.08266564361902784
142,183,0.08924131981599595
152,183,0.0017848897813154579
155,183,-0.1182358238225806
158,183,0.000568540040045713
160,183,0.16661793144639842
166,183,0.09830057292390378
180,183,-0.028065096711647947
181,183,0.03367811605397753
182,183,0.22395160411940412
183,183,1.5224475030286713
185,183,0.19954965751036596
186,183,0.08924131981599595
187,183,-0.12268653095236923
189,183,0.08200569125836946
191,183,0.06313692820940636
197,183,0.08266564361902784
198,183,-0.041510480397418156
202,183,0.018809943375954583
207,183,-0.0487906199490025
208,183,0.02011097383620184
213,183,-0.049234684802509227
214,183,0.02633144568676326
233,183,0.15275252316519464
256,183,0.09586055474871703
258,183,0.0009267011958685728
294,183,0.10559175359610816
298,183,0.0026730149429903495
299,183,-0.0006635033876250728
332,183,-0.002432845754625267
3,184,-0.0007485679245000822
6,184,0.0019075277016087973
78,184,0.000568540040045713
80,184,0.005797101449275362
86,184,0.12222222222222219
125,184,-0.005150324794343752
127,184,0.03017573774714276
130,184,0.009169957075126009
143,184,0.08924131981599595
153,184,-0.02363814762190417
159,184,0.03251166599362857
161,184,0.11716941354706799
167,184,0.09830057292390378
180,184,0.05530082327054757
181,184,0.12442685235873202
182,184,0.17267676531717654
184,184,1.640327881724772
185,184,0.24845199749997654
186,184,0.12222222222222219
190,184,0.15669814706114762
192,184,0.16770761816170718
193,184,0.005797101449275362
200,184,0.013043478260869565
203,184,0.018101443473618542
204,184,-0.08126605322836201
210,184,-0.005238364534418003
212,184,0.05108976084713062
216,184,-0.00883183537521694
234,184,0.15275252316519464
257,184,0.05217391304347826
259,184,0.009977837208415245
260,184,2.2988627374612097e-5
295,184,0.07240577389447417
301,184,0.00010550957254245719
334,184,-0.0007485679245000822
7,185,0.0019075277016087973
78,185,2.430415339285981e-6
79,185,0.00013264060548194621
81,185,0.005797101449275362
87,185,0.12222222222222219
125,185,0.0011943012507331374
133,185,0.0487906199490025
144,185,0.08924131981599595
156,185,-0.08704013577782194
159,185,0.000568540040045713
160,185,0.01226818197705774
162,185,0.11716941354706799
168,185,0.09830057292390378
180,185,-0.03091410001116165
182,185,0.06806549421833066
183,185,0.19954965751036596
184,185,0.24845199749997654
185,185,1.7986028850899622
186,185,0.09830057292390378
187,185,0.20419648265499202
191,185,0.15669814706114762
193,185,0.11716941354706799
194,185,0.024620819918209552
199,185,0.1182358238225806
203,185,-0.043138956656952096
205,185,-0.08126605322836201
209,185,-0.08704013577782194
216,185,0.02633144568676326
217,185,0.01952792276652153
235,185,0.15275252316519464
258,185,0.05217391304347826
260,185,0.003392672812256982
261,185,0.00018714198112502054
296,185,0.07240577389447417
300,185,0.008147416125983442
329,185,-0.0056508634166869045
335,185,0.0010426481805536861
3,186,0.00018714198112502057
5,186,0.0001190903516250131
22,186,-0.01382520581763689
80,186,2.430415339285981e-6
81,186,0.000568540040045713
88,186,0.12222222222222219
128,186,0.014409932546626585
132,186,0.009169957075126009
133,186,-0.02363814762190417
145,186,0.08924131981599595
155,186,-0.02363814762190417
156,186,0.051089760847130614
161,186,0.000568540040045713
162,186,0.03251166599362857
169,186,0.09830057292390378
180,186,-0.01382520581763689
183,186,0.08924131981599595
184,186,0.12222222222222219
185,186,0.09830057292390378
186,186,1.7276721481880317
187,186,0.15275252316519464
193,186,0.18732912310614558
195,186,0.024620819918209552
197,186,0.08028390990263383
199,186,-0.1227494075985261
201,186,0.041510480397418156
207,186,-0.1227494075985261
209,186,0.1192094419766381
211,186,-0.02011097383620184
213,186,0.05108976084713062
236,186,0.15275252316519464
260,186,0.024620819918209552
262,186,0.00018714198112502054
298,186,0.041510480397418156
300,186,-0.02011097383620184
302,186,0.0006635033876250728
334,186,0.002432845754625267
336,186,0.0010426481805536861
4,187,0.00018714198112502057
7,187,-0.0005863902732926824
23,187,-0.01382520581763689
81,187,2.2988627374612097e-5
82,187,0.0019718178420611077
89,187,0.12222222222222219
126,187,0.0011943012507331374
131,187,0.0004973200485101942
132,187,-0.0026730149429903495
146,187,0.08924131981599595
154,187,-0.0017848897813154579
155,187,0.008147416125983442
162,187,0.003392672812256982
163,187,0.0681828426462101
170,187,0.09830057292390378
181,187,-0.04223670143844327
182,187,0.08369565217391305
183,187,-0.12268653095236923
185,187,0.20419648265499202
186,187,0.15275252316519464
187,187,1.5530041803143835
194,187,0.18732912310614558
195,187,0.11716941354706799
198,187,0.08028390990263383
201,187,-0.08266564361902784
202,187,-0.05088059739888543
208,187,-0.1227494075985261
211,187,0.0487906199490025
215,187,0.06370685614126999
217,187,-0.021187234921765517
237,187,0.15275252316519464
261,187,0.024620819918209552
262,187,0.003392672812256982
299,187,0.041510480397418156
302,187,-0.0026730149429903495
330,187,-0.0056508634166869045
333,187,0.004812222371786243
4,188,-0.0008283403157411057
10,188,-0.009178312556375927
14,188,0.013825205817636892
83,188,0.00013264060548194621
84,188,0.03367811605397753
99,188,0.19148542155126758
127,188,-0.021187234921765517
134,188,0.0026730149429903495
136,188,0.11460367980409526
141,188,-0.12442685235873202
154,188,-0.05088059739888543
164,188,0.01226818197705774
165,188,0.19322077086723743
180,188,-0.041510480397418156
181,188,0.06313692820940636
182,188,0.08200569125836946
188,188,1.658813807750407
189,188,0.22395160411940412
190,188,0.19322077086723743
191,188,0.03367811605397753
192,188,0.08425033984880378
194,188,0.0523881805284095
196,188,-0.12356716511157888
198,188,-0.028065096711647947
201,188,0.01382520581763689
204,188,0.0681828426462101
205,188,0.0019718178420611077
220,188,-0.009178312556375927
221,188,-0.004002033263000152
238,188,0.15275252316519464
255,188,0.20419648265499202
263,188,0.003392672812256982
264,188,2.2988627374612097e-5
293,188,-0.12268653095236923
303,188,0.008147416125983442
305,188,0.00010550957254245719
328,188,-0.013131419942712675
331,188,0.0005863902732926824
11,189,-0.009178312556375927
15,189,0.013825205817636892
83,189,2.430415339285981e-6
85,189,0.03367811605397753
100,189,0.19148542155126758
128,189,-0.021187234921765517
134,189,-0.0004973200485101942
137,189,0.11460367980409526
142,189,-0.12442685235873202
155,189,-0.05088059739888543
164,189,0.000568540040045713
166,189,0.19322077086723743
180,189,0.013043478260869565
181,189,0.005797101449275362
183,189,0.08200569125836946
188,189,0.22395160411940412
189,189,1.3435969773111378
191,189,0.1629129912625669
193,189,0.12442685235873202
194,189,-0.10559175359610816
195,189,-0.047222067780861146
197,189,-0.11460367980409526
198,189,0.07240577389447417
199,189,-0.0499708128069356
200,189,0.05530082327054757
205,189,0.030547760003691533
218,189,0.021187234921765517
219,189,-0.01952792276652153
239,189,0.15275252316519464
256,189,0.20419648265499202
264,189,0.0009267011958685728
294,189,-0.12268653095236923
304,189,0.0026730149429903495
305,189,-0.0006635033876250728
329,189,-0.006574747429139061
330,189,0.002432845754625267
3,190,-0.0005478956190949217
10,190,0.004710312200115702
19,190,0.013825205817636892
84,190,0.000568540040045713
86,190,0.014850653283999416
90,190,0.06806549421833066
101,190,0.19148542155126758
127,190,0.022086378501534318
135,190,0.009169957075126009
138,190,0.08266564361902784
152,190,-0.01301298307048355
165,190,0.03251166599362857
167,190,0.16661793144639842
171,190,0.17267676531717654
180,190,-0.043138956656952096
182,190,0.11716941354706799
184,190,0.15669814706114762
188,190,0.19322077086723743
190,190,1.703389307668147
191,190,0.24845199749997654
192,190,0.08755552150384377
193,190,0.06806549421833066
195,190,0.08369565217391305
196,190,0.18884524245927095
197,190,0.014850653283999416
203,190,-0.03091410001116165
204,190,0.16178739643854767
206,190,0.1192094419766381
207,190,0.0019718178420611077
220,190,-0.00883183537521694
222,190,-0.004002033263000152
240,190,0.15275252316519464
257,190,0.20419648265499202
263,190,0.09586055474871703
265,190,0.009977837208415245
266,190,2.2988627374612097e-5
306,190,0.02011097383620184
308,190,0.00010550957254245719
328,190,0.01952792276652153
337,190,-0.0005478956190949217
20,191,0.013825205817636892
84,191,2.430415339285981e-6
85,191,0.00013264060548194621
87,191,0.014850653283999416
91,191,0.06806549421833066
102,191,0.19148542155126758
139,191,0.08266564361902784
152,191,0.003597560367317363
156,191,-0.06370685614126999
165,191,0.000568540040045713
166,191,0.01226818197705774
168,191,0.16661793144639842
172,191,0.17267676531717654
180,191,0.018101443473618542
182,191,0.005797101449275362
183,191,0.06313692820940636
185,191,0.15669814706114762
188,191,0.03367811605397753
189,191,0.1629129912625669
190,191,0.24845199749997654
191,191,1.773154193027325
193,191,0.17267676531717654
194,191,0.15217391304347827
197,191,0.16661793144639842
198,191,0.05217391304347826
203,191,0.05530082327054757
205,191,0.16178739643854767
207,191,0.0681828426462101
208,191,0.009977837208415245
218,191,-0.06370685614126999
220,191,0.02633144568676326
241,191,0.15275252316519464
258,191,0.20419648265499202
264,191,0.09586055474871703
266,191,0.003392672812256982
267,191,0.00018714198112502054
307,191,0.008147416125983442
333,191,0.002432845754625267
8,192,-0.0005863902732926824
9,192,0.0019075277016087973
86,192,0.0019718178420611077
92,192,0.06806549421833066
103,192,0.19148542155126758
125,192,-0.006574747429139061
126,192,0.014409932546626585
136,192,0.02363814762190417
138,192,-0.0487906199490025
147,192,0.12442685235873202
153,192,-0.03017573774714276
154,192,0.051089760847130614
167,192,0.0681828426462101
173,192,0.17267676531717654
180,192,-0.018809943375954583
184,192,0.16770761816170718
188,192,0.08425033984880378
190,192,0.08755552150384377
192,192,1.5766184696609384
193,192,0.19148542155126758
194,192,0.09749960430435688
195,192,-0.10900787150193655
196,192,0.08028390990263383
199,192,0.014850653283999416
202,192,0.028065096711647947
206,192,0.18884524245927095
209,192,0.0019718178420611077
221,192,-0.00883183537521694
222,192,-0.009178312556375927
242,192,0.15275252316519464
259,192,0.20419648265499202
265,192,0.05217391304347826
268,192,2.2988627374612097e-5
303,192,0.07240577389447417
306,192,-0.041510480397418156
309,192,0.00010550957254245719
334,192,-0.0005863902732926824
3,193,0.00018714198112502057
8,193,0.0001190903516250131
11,193,0.0019075277016087973
22,193,0.013825205817636892
86,193,2.430415339285981e-6
87,193,0.000568540040045713
88,193,0.005797101449275362
93,193,0.06806549421833066
104,193,0.19148542155126758
125,193,0.0019075277016087973
128,193,0.014409932546626585
137,193,0.009169957075126009
148,193,0.12442685235873202
156,193,0.051089760847130614
167,193,0.000568540040045713
168,193,0.03251166599362857
169,193,0.11716941354706799
174,193,0.17267676531717654
180,193,0.013825205817636892
184,193,0.005797101449275362
185,193,0.11716941354706799
186,193,0.18732912310614558
189,193,0.12442685235873202
190,193,0.06806549421833066
191,193,0.17267676531717654
192,193,0.19148542155126758
193,193,1.8861322370290603
194,193,0.15275252316519464
195,193,0.20419648265499202
197,193,0.08028390990263383
199,193,0.18884524245927095
200,193,0.05217391304347826
203,193,0.07240577389447417
207,193,0.18884524245927095
209,193,0.1192094419766381
210,193,0.009977837208415245
218,193,0.05108976084713062
222,193,0.01952792276652153
243,193,0.15275252316519464
260,193,0.20419648265499202
266,193,0.05217391304347826
268,193,0.009977837208415245
269,193,0.00018714198112502054
304,193,0.07240577389447417
310,193,0.0006635033876250728
329,193,0.01952792276652153
334,193,0.002432845754625267
337,193,0.0010426481805536861
4,194,0.00018714198112502057
23,194,0.013825205817636892
87,194,2.2988627374612097e-5
89,194,0.005797101449275362
94,194,0.06806549421833066
105,194,0.19148542155126758
136,194,0.0004973200485101942
137,194,-0.0026730149429903495
140,194,0.0487906199490025
149,194,0.12442685235873202
153,194,0.003597560367317363
168,194,0.003392672812256982
170,194,0.11716941354706799
175,194,0.17267676531717654
185,194,0.024620819918209552
187,194,0.18732912310614558
188,194,0.0523881805284095
189,194,-0.10559175359610816
191,194,0.15217391304347827
192,194,0.09749960430435688
193,194,0.15275252316519464
194,194,1.7717845605061242
195,194,0.09830057292390378
198,194,0.08028390990263383
200,194,0.16661793144639842
202,194,0.12356716511157888
203,194,-0.11460367980409526
208,194,0.18884524245927095
210,194,0.0681828426462101
221,194,0.049234684802509227
244,194,0.15275252316519464
261,194,0.20419648265499202
267,194,0.05217391304347826
269,194,0.003392672812256982
305,194,0.07240577389447417
309,194,0.008147416125983442
310,194,-0.0026730149429903495
332,194,0.013131419942712675
9,195,0.0001190903516250131
11,195,-0.0005863902732926824
88,195,2.2988627374612097e-5
89,195,0.000568540040045713
95,195,0.06806549421833066
106,195,0.19148542155126758
126,195,0.0019075277016087973
128,195,-0.006574747429139061
138,195,0.0004973200485101942
140,195,-0.02363814762190417
150,195,0.12442685235873202
155,195,0.01301298307048355
169,195,0.003392672812256982
170,195,0.03251166599362857
176,195,0.17267676531717654
186,195,0.024620819918209552
187,195,0.11716941354706799
189,195,-0.047222067780861146
190,195,0.08369565217391305
192,195,-0.10900787150193655
193,195,0.20419648265499202
194,195,0.09830057292390378
195,195,1.7866826326258953
200,195,0.15669814706114762
201,195,0.11027744230836015
202,195,-0.08126605322836201
210,195,0.16770761816170718
211,195,0.030547760003691533
219,195,0.05108976084713062
222,195,-0.021187234921765517
245,195,0.15275252316519464
262,195,0.20419648265499202
269,195,0.024620819918209552
270,195,0.0009267011958685728
308,195,0.041510480397418156
309,195,-0.02011097383620184
330,195,0.01952792276652153
334,195,-0.006574747429139061
12,196,-0.0005863902732926824
14,196,0.004710312200115702
19,196,-0.009178312556375927
90,196,0.0019718178420611077
92,196,0.014850653283999416
107,196,0.19148542155126758
126,196,0.00617568537712568
141,196,0.02363814762190417
147,196,-0.11460367980409526
152,196,-0.013131419942712675
154,196,0.02189561179162741
171,196,0.0681828426462101
173,196,0.16661793144639842
181,196,-0.061306482114222356
182,196,0.1182358238225806
188,196,-0.12356716511157888
190,196,0.18884524245927095
192,196,0.08028390990263383
196,196,1.515240386772558
197,196,0.19148542155126758
198,196,0.09749960430435688
199,196,0.06806549421833066
201,196,-0.03915447016346177
202,196,-0.0523881805284095
206,196,0.08755552150384377
212,196,0.16770761816170718
213,196,0.0019718178420611077
219,196,0.005238364534418003
246,196,0.15275252316519464
265,196,0.15217391304347827
271,196,0.024620819918209552
272,196,2.2988627374612097e-5
297,196,0.12268653095236923
303,196,-0.10559175359610816
312,196,0.00010550957254245719
328,196,-0.018809943375954583
336,196,-0.0005863902732926824
3,197,8.020370619643739e-5
12,197,0.0001190903516250131
16,197,0.004710312200115702
90,197,2.430415339285981e-6
91,197,0.000568540040045713
93,197,0.014850653283999416
108,197,0.19148542155126758
128,197,0.00617568537712568
142,197,0.009169957075126009
145,197,0.08266564361902784
148,197,-0.11460367980409526
152,197,0.004710312200115702
156,197,0.02189561179162741
171,197,0.000568540040045713
172,197,0.03251166599362857
174,197,0.16661793144639842
183,197,0.08266564361902784
186,197,0.08028390990263383
189,197,-0.11460367980409526
190,197,0.014850653283999416
191,197,0.16661793144639842
193,197,0.08028390990263383
196,197,0.19148542155126758
197,197,1.851667451877776
198,197,0.15275252316519464
199,197,0.08755552150384377
200,197,0.15217391304347827
201,197,0.12268653095236923
203,197,-0.10559175359610816
207,197,0.08755552150384377
213,197,0.1192094419766381
214,197,0.009977837208415245
218,197,0.1192094419766381
220,197,0.02011097383620184
247,197,0.15275252316519464
266,197,0.15217391304347827
272,197,0.009977837208415245
273,197,0.00018714198112502054
298,197,0.12268653095236923
304,197,-0.10559175359610816
311,197,0.02011097383620184
313,197,0.0006635033876250728
336,197,0.002432845754625267
337,197,0.002432845754625267
4,198,8.020370619643739e-5
21,198,0.009178312556375927
91,198,2.2988627374612097e-5
94,198,0.014850653283999416
109,198,0.19148542155126758
141,198,0.0004973200485101942
142,198,-0.0026730149429903495
146,198,0.08266564361902784
149,198,-0.11460367980409526
172,198,0.003392672812256982
175,198,0.16661793144639842
181,198,0.018101443473618542
182,198,0.013043478260869565
183,198,-0.041510480397418156
187,198,0.08028390990263383
188,198,-0.028065096711647947
189,198,0.07240577389447417
191,198,0.05217391304347826
194,198,0.08028390990263383
196,198,0.09749960430435688
197,198,0.15275252316519464
198,198,1.7394693842449258
200,198,0.17267676531717654
201,198,-0.08924131981599595
202,198,-0.08425033984880378
203,198,0.12442685235873202
208,198,0.08755552150384377
214,198,0.0681828426462101
219,198,0.08704013577782194
220,198,-0.0487906199490025
248,198,0.15275252316519464
267,198,0.15217391304347827
273,198,0.003392672812256982
299,198,0.12268653095236923
305,198,-0.10559175359610816
312,198,0.008147416125983442
313,198,-0.0026730149429903495
335,198,0.006574747429139061
15,199,0.0019075277016087973
22,199,-0.009178312556375927
92,199,2.430415339285981e-6
93,199,0.0019718178420611077
96,199,0.03367811605397753
110,199,0.19148542155126758
125,199,0.0019248889487144974
144,199,0.02363814762190417
145,199,-0.0487906199490025
155,199,0.022086378501534318
173,199,0.000568540040045713
174,199,0.0681828426462101
177,199,0.19322077086723743
185,199,0.1182358238225806
186,199,-0.1227494075985261
189,199,-0.0499708128069356
192,199,0.014850653283999416
193,199,0.18884524245927095
196,199,0.06806549421833066
197,199,0.08755552150384377
199,199,1.7574727793482001
200,199,0.2180157430038731
201,199,-0.09552712572195877
202,199,0.09586055474871703
209,199,0.08755552150384377
213,199,0.18884524245927095
215,199,0.009977837208415245
218,199,-0.1227494075985261
221,199,0.02011097383620184
249,199,0.15275252316519464
268,199,0.15217391304347827
272,199,0.05217391304347826
274,199,0.00018714198112502054
300,199,0.12268653095236923
311,199,-0.041510480397418156
314,199,0.0006635033876250728
329,199,-0.018809943375954583
13,200,0.0001190903516250131
93,200,2.2988627374612097e-5
94,200,0.000568540040045713
95,200,0.005797101449275362
97,200,0.03367811605397753
111,200,0.19148542155126758
128,200,-0.004812222371786243
143,200,0.0004973200485101942
153,200,0.004710312200115702
174,200,0.003392672812256982
175,200,0.03251166599362857
176,200,0.11716941354706799
178,200,0.19322077086723743
181,200,0.013825205817636892
184,200,0.013043478260869565
189,200,0.05530082327054757
193,200,0.05217391304347826
194,200,0.16661793144639842
195,200,0.15669814706114762
197,200,0.15217391304347827
198,200,0.17267676531717654
199,200,0.2180157430038731
200,200,1.9141986733671348
201,200,0.1908457148147966
202,200,0.16178739643854767
203,200,0.1629129912625669
210,200,0.08755552150384377
214,200,0.18884524245927095
215,200,0.1192094419766381
216,200,0.030547760003691533
250,200,0.15275252316519464
269,200,0.15217391304347827
273,200,0.05217391304347826
274,200,0.009977837208415245
275,200,0.0009267011958685728
301,200,0.12268653095236923
337,200,-0.004812222371786243
14,201,0.0001190903516250131
16,201,-0.0005863902732926824
95,201,0.00013264060548194621
98,201,0.03367811605397753
112,201,0.19148542155126758
127,201,-0.0019248889487144974
145,201,0.0026730149429903495
146,201,-0.009169957075126009
151,201,0.11460367980409526
154,201,0.004710312200115702
156,201,-0.013131419942712675
176,201,0.01226818197705774
179,201,0.19322077086723743
186,201,0.041510480397418156
187,201,-0.08266564361902784
188,201,0.01382520581763689
195,201,0.11027744230836015
196,201,-0.03915447016346177
197,201,0.12268653095236923
198,201,-0.08924131981599595
199,201,-0.09552712572195877
200,201,0.1908457148147966
201,201,1.7020215446972073
203,201,0.08200569125836946
211,201,0.08755552150384377
216,201,0.16770761816170718
220,201,0.1227494075985261
221,201,-0.1192094419766381
251,201,0.15275252316519464
270,201,0.15217391304347827
275,201,0.024620819918209552
302,201,0.12268653095236923
313,201,0.041510480397418156
314,201,-0.02011097383620184
331,201,0.018809943375954583
336,201,-0.013131419942712675
18,202,0.0005863902732926824
23,202,-0.004710312200115702
96,202,2.2988627374612097e-5
97,202,0.0019718178420611077
113,202,0.19148542155126758
126,202,-0.0008283403157411057
147,202,0.0004973200485101942
149,202,0.02363814762190417
150,202,-0.0487906199490025
153,202,0.0034932610212246315
155,202,-0.0056508634166869045
177,202,0.003392672812256982
178,202,0.0681828426462101
183,202,0.018809943375954583
187,202,-0.05088059739888543
192,202,0.028065096711647947
194,202,0.12356716511157888
195,202,-0.08126605322836201
196,202,-0.0523881805284095
198,202,-0.08425033984880378
199,202,0.09586055474871703
200,202,0.16178739643854767
202,202,1.7951855341679004
203,202,0.11746341049038532
215,202,0.16178739643854767
217,202,0.030547760003691533
219,202,-0.08126605322836201
222,202,0.0487906199490025
252,202,0.15275252316519464
274,202,0.09586055474871703
276,202,0.0009267011958685728
309,202,0.10559175359610816
312,202,-0.07240577389447417
315,202,0.0026730149429903495
332,202,-0.018809943375954583
17,203,0.0001190903516250131
21,203,-0.0019075277016087973
97,203,0.00013264060548194621
98,203,0.005797101449275362
114,203,0.19148542155126758
127,203,-0.0008283403157411057
148,203,0.0026730149429903495
149,203,-0.009169957075126009
151,203,-0.08266564361902784
156,203,-0.0056508634166869045
178,203,0.01226818197705774
179,203,0.11716941354706799
182,203,0.013825205817636892
184,203,0.018101443473618542
185,203,-0.043138956656952096
190,203,-0.03091410001116165
191,203,0.05530082327054757
193,203,0.07240577389447417
194,203,-0.11460367980409526
197,203,-0.10559175359610816
198,203,0.12442685235873202
200,203,0.1629129912625669
201,203,0.08200569125836946
202,203,0.11746341049038532
203,203,1.7633596192100025
216,203,0.16178739643854767
217,203,0.1192094419766381
220,203,-0.08126605322836201
222,203,-0.08704013577782194
253,203,0.15275252316519464
275,203,0.09586055474871703
276,203,0.009977837208415245
310,203,0.10559175359610816
313,203,-0.07240577389447417
315,203,-0.008147416125983442
335,203,-0.01952792276652153
337,203,0.0056508634166869045
6,204,-0.0008283403157411057
10,204,0.0034932610212246315
99,204,0.000568540040045713
101,204,0.03367811605397753
134,204,0.005150324794343752
138,204,0.061306482114222356
143,204,-0.0499708128069356
157,204,-0.01301298307048355
161,204,-0.05088059739888543
164,204,0.02363814762190417
167,204,0.12356716511157888
171,204,-0.08425033984880378
180,204,0.02633144568676326
181,204,-0.0487906199490025
184,204,-0.08126605322836201
188,204,0.0681828426462101
190,204,0.16178739643854767
204,204,1.4812487847923304
205,204,0.24845199749997654
206,204,0.16178739643854767
207,204,0.03367811605397753
210,204,0.0523881805284095
211,204,0.04223670143844327
212,204,-0.08126605322836201
214,204,-0.028065096711647947
216,204,-0.03091410001116165
220,204,0.018101443473618542
263,204,0.2180157430038731
277,204,0.009977837208415245
278,204,2.2988627374612097e-5
295,204,-0.09552712572195877
316,204,0.02011097383620184
318,204,0.00010550957254245719
328,204,0.02633144568676326
331,204,0.00030433613908329343
7,205,-0.0008283403157411057
16,205,0.004002033263000152
99,205,2.430415339285981e-6
100,205,0.00013264060548194621
102,205,0.03367811605397753
133,205,-0.021187234921765517
134,205,-0.0011943012507331374
139,205,0.061306482114222356
144,205,-0.0499708128069356
157,205,0.003597560367317363
162,205,-0.05088059739888543
168,205,0.12356716511157888
172,205,-0.08425033984880378
180,205,-0.00883183537521694
185,205,-0.08126605322836201
188,205,0.0019718178420611077
189,205,0.030547760003691533
191,205,0.16178739643854767
204,205,0.24845199749997654
205,205,1.4502226634360837
207,205,0.19322077086723743
208,205,0.09586055474871703
209,205,0.08425033984880378
211,205,-0.047222067780861146
213,205,-0.12356716511157888
216,205,0.05530082327054757
218,205,0.05088059739888543
220,205,-0.043138956656952096
221,205,-0.018809943375954583
264,205,0.2180157430038731
278,205,0.003392672812256982
279,205,0.00018714198112502054
296,205,-0.09552712572195877
317,205,0.008147416125983442
329,205,0.01301298307048355
331,205,-0.00154817457112517
5,206,-0.0005478956190949217
9,206,0.0019248889487144974
19,206,-0.004002033263000152
101,206,0.0019718178420611077
103,206,0.014850653283999416
107,206,0.06806549421833066
129,206,-0.006574747429139061
131,206,0.022086378501534318
135,206,0.014409932546626585
138,206,-0.049234684802509227
147,206,-0.0499708128069356
158,206,-0.03017573774714276
161,206,0.06370685614126999
165,206,0.051089760847130614
180,206,0.01952792276652153
182,206,-0.08704013577782194
190,206,0.1192094419766381
192,206,0.18884524245927095
196,206,0.08755552150384377
204,206,0.16178739643854767
206,206,1.4912566742944318
207,206,0.19148542155126758
208,206,0.09749960430435688
209,206,0.06806549421833066
211,206,-0.03915447016346177
212,206,0.15669814706114762
213,206,0.014850653283999416
217,206,-0.03091410001116165
219,206,-0.013043478260869565
222,206,0.013825205817636892
265,206,0.2180157430038731
277,206,0.09586055474871703
280,206,0.024620819918209552
281,206,2.2988627374612097e-5
297,206,-0.09552712572195877
320,206,0.00010550957254245719
328,206,-0.043138956656952096
333,206,0.00030433613908329343
338,206,-0.0005478956190949217
11,207,0.0019248889487144974
101,207,2.430415339285981e-6
102,207,0.000568540040045713
104,207,0.014850653283999416
108,207,0.06806549421833066
129,207,0.0019075277016087973
133,207,0.022086378501534318
148,207,-0.0499708128069356
166,207,0.02363814762190417
169,207,0.1182358238225806
180,207,-0.009178312556375927
183,207,-0.0487906199490025
186,207,-0.1227494075985261
190,207,0.0019718178420611077
191,207,0.0681828426462101
193,207,0.18884524245927095
197,207,0.08755552150384377
204,207,0.03367811605397753
205,207,0.19322077086723743
206,207,0.19148542155126758
207,207,1.7574727793482001
208,207,0.15275252316519464
209,207,0.08755552150384377
210,207,0.15217391304347827
211,207,0.12268653095236923
213,207,0.18884524245927095
214,207,0.05217391304347826
218,207,-0.1227494075985261
220,207,-0.041510480397418156
222,207,-0.018809943375954583
266,207,0.2180157430038731
278,207,0.09586055474871703
281,207,0.009977837208415245
282,207,0.00018714198112502054
298,207,-0.09552712572195877
319,207,0.02011097383620184
321,207,0.0006635033876250728
7,208,0.0005478956190949217
21,208,0.004002033263000152
102,208,2.2988627374612097e-5
105,208,0.014850653283999416
109,208,0.06806549421833066
135,208,-0.0011943012507331374
140,208,0.049234684802509227
149,208,-0.0499708128069356
158,208,0.003597560367317363
163,208,-0.06370685614126999
165,208,0.0017848897813154579
166,208,-0.008147416125983442
170,208,0.1182358238225806
182,208,-0.005238364534418003
183,208,0.02011097383620184
187,208,-0.1227494075985261
191,208,0.009977837208415245
194,208,0.18884524245927095
198,208,0.08755552150384377
205,208,0.09586055474871703
206,208,0.09749960430435688
207,208,0.15275252316519464
208,208,1.5881440600649104
210,208,0.17267676531717654
211,208,-0.08924131981599595
214,208,0.16661793144639842
217,208,0.0499708128069356
219,208,-0.1182358238225806
220,208,0.08266564361902784
267,208,0.2180157430038731
279,208,0.09586055474871703
282,208,0.003392672812256982
299,208,-0.09552712572195877
320,208,0.008147416125983442
321,208,-0.0026730149429903495
332,208,0.01301298307048355
333,208,-0.005150324794343752
5,209,0.00018714198112502057
8,209,0.00018714198112502057
22,209,-0.004002033263000152
103,209,2.430415339285981e-6
104,209,0.0019718178420611077
110,209,0.06806549421833066
132,209,0.014409932546626585
137,209,0.014409932546626585
139,209,-0.03017573774714276
160,209,-0.03017573774714276
162,209,0.051089760847130614
168,209,0.051089760847130614
169,209,-0.08704013577782194
177,209,0.08425033984880378
180,209,-0.004002033263000152
185,209,-0.08704013577782194
186,209,0.1192094419766381
192,209,0.0019718178420611077
193,209,0.1192094419766381
199,209,0.08755552150384377
205,209,0.08425033984880378
206,209,0.06806549421833066
207,209,0.08755552150384377
209,209,1.7651513961801348
210,209,0.2180157430038731
211,209,-0.09552712572195877
213,209,0.08028390990263383
215,209,0.05217391304347826
217,209,0.07240577389447417
218,209,0.08028390990263383
221,209,-0.041510480397418156
222,209,-0.043138956656952096
268,209,0.2180157430038731
281,209,0.05217391304347826
283,209,0.00018714198112502054
300,209,-0.09552712572195877
317,209,0.07240577389447417
319,209,-0.041510480397418156
322,209,0.0006635033876250728
329,209,-0.043138956656952096
334,209,0.00154817457112517
338,209,0.0010426481805536861
6,210,0.00018714198112502057
11,210,-0.0007485679245000822
104,210,2.2988627374612097e-5
105,210,0.000568540040045713
106,210,0.005797101449275362
111,210,0.06806549421833066
130,210,0.0019075277016087973
137,210,-0.005150324794343752
140,210,-0.03017573774714276
160,210,0.01301298307048355
163,210,0.051089760847130614
167,210,0.0017848897813154579
178,210,0.08425033984880378
184,210,-0.005238364534418003
193,210,0.009977837208415245
194,210,0.0681828426462101
195,210,0.16770761816170718
200,210,0.08755552150384377
204,210,0.0523881805284095
207,210,0.15217391304347827
208,210,0.17267676531717654
209,210,0.2180157430038731
210,210,1.8549642168080045
211,210,0.1908457148147966
214,210,0.08028390990263383
215,210,0.18884524245927095
216,210,0.11027744230836015
222,210,0.061306482114222356
269,210,0.2180157430038731
282,210,0.05217391304347826
283,210,0.009977837208415245
284,210,0.0009267011958685728
301,210,-0.09552712572195877
318,210,0.07240577389447417
332,210,-0.02633144568676326
334,210,-0.005150324794343752
10,211,-0.00018714198112502057
106,211,0.00013264060548194621
112,211,0.06806549421833066
131,211,0.0019075277016087973
133,211,-0.006574747429139061
138,211,0.0011943012507331374
139,211,-0.005150324794343752
140,211,0.014409932546626585
151,211,0.0499708128069356
161,211,-0.003597560367317363
162,211,0.01301298307048355
163,211,-0.03017573774714276
169,211,0.008147416125983442
170,211,-0.02363814762190417
179,211,0.08425033984880378
186,211,-0.02011097383620184
187,211,0.0487906199490025
195,211,0.030547760003691533
201,211,0.08755552150384377
204,211,0.04223670143844327
205,211,-0.047222067780861146
206,211,-0.03915447016346177
207,211,0.12268653095236923
208,211,-0.08924131981599595
209,211,-0.09552712572195877
210,211,0.1908457148147966
211,211,1.6353642257818457
216,211,0.15669814706114762
217,211,-0.08126605322836201
220,211,-0.08028390990263383
221,211,0.1227494075985261
222,211,-0.05088059739888543
270,211,0.2180157430038731
284,211,0.024620819918209552
302,211,-0.09552712572195877
321,211,0.041510480397418156
322,211,-0.02011097383620184
331,211,0.043138956656952096
333,211,-0.02633144568676326
334,211,0.01301298307048355
12,212,-0.0007485679245000822
13,212,0.0019248889487144974
17,212,-0.0034932610212246315
107,212,0.005797101449275362
115,212,0.12222222222222219
129,212,-0.004812222371786243
130,212,0.00617568537712568
141,212,0.03017573774714276
143,212,-0.049234684802509227
147,212,0.061306482114222356
157,212,0.0056508634166869045
158,212,-0.022086378501534318
159,212,0.02189561179162741
171,212,0.08704013577782194
173,212,-0.1182358238225806
181,212,0.021187234921765517
182,212,-0.06370685614126999
184,212,0.05108976084713062
196,212,0.16770761816170718
204,212,-0.08126605322836201
206,212,0.15669814706114762
212,212,1.2272668296914495
213,212,0.12222222222222219
214,212,0.10900787150193655
215,212,-0.08369565217391305
216,212,-0.03915447016346177
217,212,0.04223670143844327
218,212,0.005797101449275362
271,212,0.2180157430038731
280,212,0.15217391304347827
285,212,2.2988627374612097e-5
316,212,-0.10559175359610816
323,212,0.00010550957254245719
328,212,0.05530082327054757
335,212,0.00030433613908329343
338,212,-0.0007485679245000822
5,213,8.020370619643739e-5
12,213,0.00018714198112502057
15,213,0.0019248889487144974
20,213,-0.0034932610212246315
107,213,2.430415339285981e-6
108,213,0.0019718178420611077
110,213,0.014850653283999416
116,213,0.12222222222222219
129,213,0.0019248889487144974
132,213,0.00617568537712568
142,213,0.014409932546626585
145,213,-0.049234684802509227
157,213,-0.0034932610212246315
162,213,0.02189561179162741
172,213,0.051089760847130614
177,213,-0.12356716511157888
183,213,-0.049234684802509227
186,213,0.05108976084713062
196,213,0.0019718178420611077
197,213,0.1192094419766381
199,213,0.18884524245927095
205,213,-0.12356716511157888
206,213,0.014850653283999416
207,213,0.18884524245927095
209,213,0.08028390990263383
212,213,0.12222222222222219
213,213,1.6473914165208416
214,213,0.2180157430038731
215,213,0.15217391304347827
217,213,-0.10559175359610816
218,213,0.18732912310614558
219,213,0.024620819918209552
272,213,0.2180157430038731
281,213,0.15217391304347827
285,213,0.024620819918209552
286,213,0.00018714198112502054
317,213,-0.10559175359610816
324,213,0.0006635033876250728
336,213,0.00154817457112517
338,213,0.002432845754625267
6,214,8.020370619643739e-5
21,214,-0.0034932610212246315
108,214,2.2988627374612097e-5
109,214,0.000568540040045713
111,214,0.014850653283999416
117,214,0.12222222222222219
142,214,-0.005150324794343752
150,214,-0.061306482114222356
158,214,0.004710312200115702
163,214,0.02189561179162741
171,214,0.0017848897813154579
176,214,0.1182358238225806
178,214,-0.12356716511157888
181,214,-0.009178312556375927
183,214,0.02633144568676326
197,214,0.009977837208415245
198,214,0.0681828426462101
200,214,0.18884524245927095
204,214,-0.028065096711647947
207,214,0.05217391304347826
208,214,0.16661793144639842
210,214,0.08028390990263383
212,214,0.10900787150193655
213,214,0.2180157430038731
214,214,1.815979980855805
215,214,0.08755552150384377
216,214,0.19954965751036596
219,214,0.16770761816170718
220,214,0.06313692820940636
273,214,0.2180157430038731
282,214,0.15217391304347827
286,214,0.009977837208415245
287,214,0.0009267011958685728
318,214,-0.10559175359610816
323,214,0.02011097383620184
336,214,-0.005150324794343752
13,215,0.00018714198112502057
15,215,-0.0007485679245000822
23,215,-0.0034932610212246315
110,215,2.2988627374612097e-5
111,215,0.0019718178420611077
113,215,0.03367811605397753
118,215,0.12222222222222219
130,215,0.0019248889487144974
132,215,-0.004812222371786243
146,215,-0.03017573774714276
160,215,0.013131419942712675
173,215,0.0017848897813154579
175,215,0.051089760847130614
176,215,-0.08704013577782194
181,215,-0.004002033263000152
187,215,0.06370685614126999
199,215,0.009977837208415245
200,215,0.1192094419766381
202,215,0.16178739643854767
209,215,0.05217391304347826
210,215,0.18884524245927095
212,215,-0.08369565217391305
213,215,0.15217391304347827
214,215,0.08755552150384377
215,215,1.8762830723441166
216,215,0.11746341049038532
217,215,0.1629129912625669
219,215,0.15669814706114762
221,215,0.06313692820940636
274,215,0.2180157430038731
283,215,0.15217391304347827
286,215,0.05217391304347826
288,215,0.0009267011958685728
323,215,-0.041510480397418156
325,215,0.0026730149429903495
330,215,-0.05530082327054757
338,215,-0.004812222371786243
16,216,-0.0007485679245000822
111,216,0.00013264060548194621
112,216,0.005797101449275362
114,216,0.03367811605397753
119,216,0.12222222222222219
133,216,-0.004812222371786243
143,216,0.0011943012507331374
144,216,-0.005150324794343752
151,216,-0.061306482114222356
159,216,0.004710312200115702
163,216,-0.022086378501534318
174,216,0.008147416125983442
175,216,-0.02363814762190417
184,216,-0.00883183537521694
185,216,0.02633144568676326
200,216,0.030547760003691533
201,216,0.16770761816170718
203,216,0.16178739643854767
204,216,-0.03091410001116165
205,216,0.05530082327054757
210,216,0.11027744230836015
211,216,0.15669814706114762
212,216,-0.03915447016346177
214,216,0.19954965751036596
215,216,0.11746341049038532
216,216,1.8337651994436215
217,216,0.16178739643854767
220,216,0.15669814706114762
221,216,0.16770761816170718
275,216,0.2180157430038731
284,216,0.15217391304347827
287,216,0.05217391304347826
288,216,0.009977837208415245
325,216,-0.008147416125983442
331,216,-0.05530082327054757
335,216,-0.02633144568676326
17,217,0.00018714198112502057
20,217,-0.0007485679245000822
23,217,0.0019248889487144974
113,217,0.00013264060548194621
114,217,0.0019718178420611077
120,217,0.12222222222222219
131,217,-0.0008283403157411057
147,217,0.0011943012507331374
149,217,-0.014409932546626585
151,217,0.049234684802509227
159,217,0.0034932610212246315
162,217,-0.0056508634166869045
177,217,0.008147416125983442
179,217,-0.08704013577782194
182,217,-0.004002033263000152
185,217,0.01952792276652153
187,217,-0.021187234921765517
202,217,0.030547760003691533
203,217,0.1192094419766381
206,217,-0.03091410001116165
208,217,0.0499708128069356
209,217,0.07240577389447417
211,217,-0.08126605322836201
212,217,0.04223670143844327
213,217,-0.10559175359610816
215,217,0.1629129912625669
216,217,0.16178739643854767
217,217,1.7870830902917993
221,217,0.08200569125836946
222,217,0.11716941354706799
276,217,0.2180157430038731
288,217,0.09586055474871703
289,217,0.003392672812256982
322,217,0.10559175359610816
324,217,-0.07240577389447417
333,217,-0.05530082327054757
335,217,0.043138956656952096
338,217,0.0056508634166869045
8,218,8.020370619643739e-5
12,218,0.00018714198112502057
18,218,-0.0008283403157411057
115,218,2.430415339285981e-6
116,218,0.005797101449275362
134,218,-0.0008283403157411057
137,218,0.00617568537712568
142,218,0.014409932546626585
144,218,-0.022086378501534318
148,218,0.021187234921765517
166,218,-0.022086378501534318
168,218,0.02189561179162741
172,218,0.051089760847130614
174,218,-0.06370685614126999
177,218,0.05088059739888543
189,218,0.021187234921765517
191,218,-0.06370685614126999
193,218,0.05108976084713062
197,218,0.1192094419766381
199,218,-0.1227494075985261
205,218,0.05088059739888543
207,218,-0.1227494075985261
209,218,0.08028390990263383
212,218,0.005797101449275362
213,218,0.18732912310614558
218,218,1.197333834372803
219,218,0.20419648265499202
220,218,0.09552712572195877
221,218,-0.12268653095236923
222,218,0.047222067780861146
285,218,0.20419648265499202
290,218,0.00018714198112502054
311,218,0.09552712572195877
319,218,-0.12268653095236923
326,218,0.0006635033876250728
329,218,0.047222067780861146
337,218,0.00154817457112517
338,218,0.002432845754625267
9,219,8.020370619643739e-5
15,219,-0.0005478956190949217
116,219,2.2988627374612097e-5
117,219,0.0019718178420611077
118,219,0.014850653283999416
135,219,0.0019248889487144974
142,219,-0.006574747429139061
146,219,-0.022086378501534318
150,219,0.021187234921765517
164,219,-0.0034932610212246315
166,219,0.013131419942712675
170,219,0.02189561179162741
176,219,-0.06370685614126999
189,219,-0.01952792276652153
195,219,0.05108976084713062
196,219,0.005238364534418003
198,219,0.08704013577782194
202,219,-0.08126605322836201
206,219,-0.013043478260869565
208,219,-0.1182358238225806
213,219,0.024620819918209552
214,219,0.16770761816170718
215,219,0.15669814706114762
218,219,0.20419648265499202
219,219,1.6481564364876382
220,219,0.11746341049038532
221,219,0.19954965751036596
222,219,-0.12442685235873202
286,219,0.20419648265499202
290,219,0.024620819918209552
291,219,0.0009267011958685728
312,219,0.09552712572195877
320,219,-0.12268653095236923
327,219,0.0026730149429903495
330,219,0.047222067780861146
338,219,-0.006574747429139061
10,220,8.020370619643739e-5
16,220,-0.0005478956190949217
21,220,0.0008283403157411057
117,220,0.00013264060548194621
119,220,0.014850653283999416
140,220,-0.00617568537712568
141,220,-0.0019075277016087973
165,220,0.004710312200115702
171,220,0.003597560367317363
172,220,-0.01301298307048355
179,220,-0.05088059739888543
188,220,-0.009178312556375927
190,220,-0.00883183537521694
191,220,0.02633144568676326
197,220,0.02011097383620184
198,220,-0.0487906199490025
201,220,0.1227494075985261
203,220,-0.08126605322836201
204,220,0.018101443473618542
205,220,-0.043138956656952096
207,220,-0.041510480397418156
208,220,0.08266564361902784
211,220,-0.08028390990263383
214,220,0.06313692820940636
216,220,0.15669814706114762
218,220,0.09552712572195877
219,220,0.11746341049038532
220,220,1.703403890160183
221,220,0.08755552150384377
222,220,0.08425033984880378
287,220,0.20419648265499202
291,220,0.009977837208415245
313,220,0.09552712572195877
321,220,-0.12268653095236923
326,220,0.02011097383620184
327,220,-0.008147416125983442
331,220,0.047222067780861146
337,220,-0.01301298307048355
14,221,-0.00018714198112502057
23,221,0.0008283403157411057
118,221,0.00013264060548194621
119,221,0.0019718178420611077
120,221,0.03367811605397753
136,221,0.0019248889487144974
139,221,-0.004812222371786243
144,221,-0.006574747429139061
146,221,0.014409932546626585
151,221,0.021187234921765517
168,221,0.013131419942712675
170,221,-0.022086378501534318
173,221,0.003597560367317363
175,221,-0.03017573774714276
188,221,-0.004002033263000152
192,221,-0.00883183537521694
194,221,0.049234684802509227
199,221,0.02011097383620184
201,221,-0.1192094419766381
205,221,-0.018809943375954583
209,221,-0.041510480397418156
211,221,0.1227494075985261
215,221,0.06313692820940636
216,221,0.16770761816170718
217,221,0.08200569125836946
218,221,-0.12268653095236923
219,221,0.19954965751036596
220,221,0.08755552150384377
221,221,1.7642461599437638
222,221,0.19322077086723743
288,221,0.20419648265499202
291,221,0.05217391304347826
292,221,0.003392672812256982
314,221,0.09552712572195877
322,221,-0.12268653095236923
326,221,-0.041510480397418156
338,221,0.013131419942712675
19,222,-0.00018714198112502057
22,222,0.0005478956190949217
120,222,0.000568540040045713
121,222,0.06806549421833066
138,222,-0.0008283403157411057
147,222,0.0019075277016087973
148,222,-0.006574747429139061
150,222,0.014409932546626585
151,222,-0.022086378501534318
167,222,0.0034932610212246315
169,222,-0.0056508634166869045
177,222,0.01301298307048355
178,222,-0.03017573774714276
179,222,0.051089760847130614
190,222,-0.004002033263000152
192,222,-0.009178312556375927
193,222,0.01952792276652153
195,222,-0.021187234921765517
202,222,0.0487906199490025
203,222,-0.08704013577782194
206,222,0.013825205817636892
207,222,-0.018809943375954583
209,222,-0.043138956656952096
210,222,0.061306482114222356
211,222,-0.05088059739888543
217,222,0.11716941354706799
218,222,0.047222067780861146
219,222,-0.12442685235873202
220,222,0.08425033984880378
221,222,0.19322077086723743
222,222,1.5257723112128148
289,222,0.20419648265499202
292,222,0.09586055474871703
315,222,0.09552712572195877
327,222,-0.07240577389447417
334,222,-0.047222067780861146
337,222,0.043138956656952096
338,222,-0.01952792276652153
24,223,0.009178312556375927
26,223,-0.018101443473618542
49,223,0.028065096711647947
58,223,0.10900787150193655
76,223,-0.09749960430435688
122,223,0.043138956656952096
125,223,-0.07240577389447417
134,223,-0.09552712572195877
152,223,0.09586055474871703
157,223,0.2180157430038731
223,223,1.5023657289002554
224,223,0.09586055474871703
225,223,0.10559175359610816
226,223,-0.0523881805284095
227,223,0.047222067780861146
228,223,-0.04223670143844327
230,223,0.08755552150384377
231,223,0.009977837208415245
238,223,0.02011097383620184
239,223,-0.005238364534418003
246,223,-0.01952792276652153
247,223,0.009178312556375927
249,223,0.004002033263000152
255,223,-0.008147416125983442
256,223,0.0017848897813154579
263,223,-0.01301298307048355
264,223,0.003597560367317363
271,223,0.0056508634166869045
272,223,-0.0034932610212246315
295,223,0.005150324794343752
296,223,-0.0011943012507331374
303,223,0.006574747429139061
304,223,-0.0019075277016087973
311,223,0.0008283403157411057
25,224,0.004710312200115702
27,224,-0.00883183537521694
38,224,-0.03915447016346177
50,224,0.013043478260869565
59,224,0.10900787150193655
77,224,-0.09749960430435688
123,224,0.02633144568676326
126,224,-0.041510480397418156
135,224,-0.09552712572195877
152,224,0.00018714198112502054
153,224,0.05217391304347826
158,224,0.2180157430038731
223,224,0.09586055474871703
224,224,1.576326819820224
225,224,0.19954965751036596
226,224,0.06806549421833066
227,224,0.08924131981599595
229,224,-0.03915447016346177
231,224,0.16178739643854767
232,224,0.030547760003691533
233,224,0.0019718178420611077
240,224,0.0487906199490025
246,224,0.049234684802509227
248,224,-0.00883183537521694
252,224,0.004002033263000152
254,224,-0.08425033984880378
257,224,-0.02363814762190417
265,224,-0.03017573774714276
267,224,0.003597560367317363
271,224,-0.022086378501534318
273,224,0.004710312200115702
297,224,0.014409932546626585
299,224,-0.0011943012507331374
306,224,0.014409932546626585
308,224,-0.0019075277016087973
312,224,-0.0019248889487144974
25,225,-0.0019075277016087973
39,225,-0.03915447016346177
49,225,0.00010550957254245719
51,225,0.005238364534418003
60,225,0.10900787150193655
78,225,-0.09749960430435688
125,225,-0.0006635033876250728
127,225,-0.02011097383620184
136,225,-0.09552712572195877
153,225,0.0009267011958685728
154,225,0.024620819918209552
159,225,0.2180157430038731
223,225,0.10559175359610816
224,225,0.19954965751036596
225,225,1.4031238315310863
226,225,0.22395160411940412
227,225,0.09830057292390378
228,225,0.12222222222222219
229,225,0.10900787150193655
232,225,0.18884524245927095
234,225,0.0681828426462101
235,225,0.0019718178420611077
238,225,0.08126605322836201
242,225,0.08704013577782194
244,225,0.005238364534418003
253,225,-0.009178312556375927
255,225,-0.12356716511157888
259,225,-0.051089760847130614
261,225,-0.0017848897813154579
271,225,0.02189561179162741
275,225,0.004710312200115702
276,225,0.0034932610212246315
293,225,0.0499708128069356
306,225,-0.022086378501534318
310,225,-0.0019075277016087973
314,225,-0.0019248889487144974
28,226,-0.003597560367317363
40,226,-0.03915447016346177
49,226,-1.4395537009616967e-5
52,226,0.005238364534418003
61,226,0.10900787150193655
79,226,-0.09749960430435688
124,226,0.01301298307048355
125,226,0.00010550957254245719
128,226,-0.02011097383620184
137,226,-0.09552712572195877
153,226,2.2988627374612097e-5
155,226,0.024620819918209552
160,226,0.2180157430038731
223,226,-0.0523881805284095
224,226,0.06806549421833066
225,226,0.22395160411940412
226,226,1.271014305798597
228,226,0.1908457148147966
229,226,-0.09552712572195877
233,226,0.18884524245927095
235,226,0.030547760003691533
239,226,0.08126605322836201
243,226,0.0487906199490025
244,226,-0.02011097383620184
249,226,0.049234684802509227
250,226,-0.02633144568676326
252,226,-0.01952792276652153
256,226,-0.12356716511157888
260,226,-0.02363814762190417
261,226,0.008147416125983442
268,226,-0.03017573774714276
269,226,0.01301298307048355
274,226,0.013131419942712675
294,226,0.0499708128069356
300,226,0.014409932546626585
301,226,-0.005150324794343752
309,226,-0.006574747429139061
311,226,-0.00617568537712568
24,227,-0.0005863902732926824
26,227,-0.00030433613908329343
27,227,0.0011943012507331374
41,227,-0.03915447016346177
50,227,0.0004973200485101942
51,227,-0.0017848897813154579
62,227,0.10900787150193655
80,227,-0.09749960430435688
122,227,0.00154817457112517
123,227,-0.005150324794343752
126,227,-0.0026730149429903495
127,227,0.008147416125983442
138,227,-0.09552712572195877
154,227,0.003392672812256982
161,227,0.2180157430038731
223,227,0.047222067780861146
224,227,0.08924131981599595
225,227,0.09830057292390378
227,227,1.0761462212650121
228,227,0.24845199749997654
229,227,-0.09749960430435688
234,227,0.16770761816170718
236,227,0.0019718178420611077
240,227,0.1227494075985261
242,227,-0.1192094419766381
245,227,0.005238364534418003
246,227,-0.05108976084713062
251,227,0.00883183537521694
257,227,-0.1182358238225806
259,227,0.08704013577782194
262,227,-0.0017848897813154579
263,227,-0.05088059739888543
265,227,0.06370685614126999
270,227,-0.003597560367317363
295,227,0.061306482114222356
297,227,-0.049234684802509227
302,227,0.0011943012507331374
303,227,-0.021187234921765517
315,227,0.0008283403157411057
26,228,5.103872212500561e-5
28,228,0.0011943012507331374
42,228,-0.03915447016346177
63,228,0.10900787150193655
81,228,-0.09749960430435688
122,228,-0.00030433613908329343
124,228,-0.005150324794343752
139,228,-0.09552712572195877
154,228,2.2988627374612097e-5
155,228,0.0009267011958685728
156,228,0.009977837208415245
162,228,0.2180157430038731
223,228,-0.04223670143844327
225,228,0.12222222222222219
226,228,0.1908457148147966
227,228,0.24845199749997654
228,228,1.2971775399709842
229,228,0.2180157430038731
235,228,0.16770761816170718
236,228,0.0681828426462101
237,228,0.009977837208415245
241,228,0.1227494075985261
249,228,-0.06370685614126999
251,228,-0.02633144568676326
258,228,-0.1182358238225806
264,228,-0.05088059739888543
268,228,0.051089760847130614
270,228,0.01301298307048355
272,228,0.02189561179162741
276,228,-0.0056508634166869045
296,228,0.061306482114222356
300,228,-0.03017573774714276
302,228,-0.005150324794343752
307,228,-0.022086378501534318
314,228,0.004812222371786243
25,229,0.0001190903516250131
27,229,5.103872212500561e-5
28,229,-0.00030433613908329343
43,229,-0.03915447016346177
51,229,1.4395537009616967e-5
52,229,-0.00010550957254245719
64,229,0.10900787150193655
82,229,-0.09749960430435688
123,229,-0.00030433613908329343
124,229,0.00154817457112517
127,229,-0.00010550957254245719
128,229,0.0006635033876250728
140,229,-0.09552712572195877
156,229,0.00018714198112502054
163,229,0.2180157430038731
224,229,-0.03915447016346177
225,229,0.10900787150193655
226,229,-0.09552712572195877
227,229,-0.09749960430435688
228,229,0.2180157430038731
229,229,0.8499713958810067
237,229,0.1192094419766381
244,229,0.1192094419766381
245,229,-0.08704013577782194
248,229,0.05108976084713062
250,229,-0.06370685614126999
251,229,0.049234684802509227
253,229,0.021187234921765517
261,229,-0.08704013577782194
262,229,0.051089760847130614
267,229,-0.06370685614126999
269,229,0.051089760847130614
270,229,-0.03017573774714276
273,229,0.02189561179162741
275,229,-0.022086378501534318
299,229,0.049234684802509227
301,229,-0.03017573774714276
302,229,0.014409932546626585
305,229,0.021187234921765517
308,229,-0.022086378501534318
310,229,0.014409932546626585
313,229,0.00617568537712568
24,230,0.004002033263000152
29,230,-0.03091410001116165
33,230,0.04223670143844327
53,230,0.0523881805284095
58,230,-0.08369565217391305
122,230,0.018809943375954583
129,230,-0.10559175359610816
134,230,0.12268653095236923
157,230,0.15217391304347827
180,230,0.15275252316519464
223,230,0.08755552150384377
230,230,1.5169093342905429
231,230,0.05217391304347826
232,230,0.07240577389447417
233,230,-0.028065096711647947
234,230,0.05530082327054757
235,230,-0.03091410001116165
236,230,-0.01382520581763689
238,230,-0.041510480397418156
239,230,0.013043478260869565
240,230,-0.043138956656952096
241,230,0.018101443473618542
242,230,-0.018809943375954583
243,230,0.013825205817636892
254,230,0.003392672812256982
277,230,0.013131419942712675
278,230,-0.004710312200115702
280,230,0.0056508634166869045
281,230,-0.0034932610212246315
293,230,-0.0026730149429903495
294,230,0.0004973200485101942
316,230,-0.004812222371786243
317,230,0.0019248889487144974
319,230,0.0008283403157411057
25,231,0.0034932610212246315
30,231,-0.018101443473618542
38,231,0.04223670143844327
54,231,0.028065096711647947
123,231,0.01952792276652153
130,231,-0.07240577389447417
157,231,0.00018714198112502054
158,231,0.09586055474871703
164,231,0.20419648265499202
181,231,0.15275252316519464
223,231,0.009977837208415245
224,231,0.16178739643854767
230,231,0.05217391304347826
231,231,1.6772028910725236
232,231,0.1629129912625669
233,231,0.03367811605397753
234,231,0.12442685235873202
237,231,-0.04223670143844327
238,231,0.06313692820940636
239,231,0.005797101449275362
246,231,-0.061306482114222356
248,231,0.018101443473618542
250,231,0.013825205817636892
254,231,0.17267676531717654
255,231,0.01226818197705774
256,231,0.000568540040045713
277,231,-0.03017573774714276
279,231,0.003597560367317363
286,231,-0.0034932610212246315
295,231,-0.009169957075126009
316,231,0.014409932546626585
318,231,-0.0019075277016087973
323,231,0.0008283403157411057
25,232,-0.0019248889487144974
31,232,-0.00883183537521694
53,232,0.00010550957254245719
55,232,0.013043478260869565
65,232,0.08369565217391305
129,232,-0.0006635033876250728
131,232,-0.041510480397418156
141,232,-0.12268653095236923
158,232,0.0009267011958685728
159,232,0.05217391304347826
165,232,0.20419648265499202
182,232,0.15275252316519464
224,232,0.030547760003691533
225,232,0.18884524245927095
230,232,0.07240577389447417
231,232,0.1629129912625669
232,232,1.6848250474865762
233,232,0.22395160411940412
234,232,0.17267676531717654
235,232,0.06806549421833066
237,232,0.08369565217391305
238,232,0.08200569125836946
240,232,0.11716941354706799
241,232,0.005797101449275362
246,232,0.1182358238225806
248,232,0.013043478260869565
253,232,0.013825205817636892
255,232,0.19322077086723743
257,232,0.03251166599362857
258,232,0.000568540040045713
280,232,-0.051089760847130614
287,232,0.004710312200115702
293,232,-0.12442685235873202
297,232,-0.02363814762190417
299,232,-0.0004973200485101942
321,232,-0.0019075277016087973
324,232,-0.0019248889487144974
32,233,-0.00883183537521694
53,233,-1.4395537009616967e-5
56,233,0.013043478260869565
66,233,0.08369565217391305
124,233,0.013131419942712675
129,233,0.00010550957254245719
132,233,-0.041510480397418156
142,233,-0.12268653095236923
158,233,2.2988627374612097e-5
160,233,0.05217391304347826
166,233,0.20419648265499202
183,233,0.15275252316519464
224,233,0.0019718178420611077
226,233,0.18884524245927095
230,233,-0.028065096711647947
231,233,0.03367811605397753
232,233,0.22395160411940412
233,233,1.441546828494937
235,233,0.19954965751036596
236,233,0.08924131981599595
237,233,-0.12268653095236923
239,233,0.08200569125836946
241,233,0.06313692820940636
247,233,0.08266564361902784
248,233,-0.041510480397418156
252,233,0.018809943375954583
256,233,0.19322077086723743
258,233,0.01226818197705774
281,233,-0.03017573774714276
282,233,0.01301298307048355
285,233,-0.022086378501534318
286,233,0.013131419942712675
294,233,-0.12442685235873202
298,233,-0.009169957075126009
299,233,0.0026730149429903495
319,233,0.014409932546626585
320,233,-0.006574747429139061
323,233,-0.004812222371786243
24,234,-0.0007485679245000822
29,234,-0.00030433613908329343
31,234,0.003597560367317363
44,234,-0.04223670143844327
54,234,0.0004973200485101942
67,234,0.08369565217391305
123,234,-0.006574747429139061
130,234,-0.0026730149429903495
143,234,-0.12268653095236923
159,234,0.003392672812256982
161,234,0.024620819918209552
167,234,0.20419648265499202
184,234,0.15275252316519464
225,234,0.0681828426462101
227,234,0.16770761816170718
230,234,0.05530082327054757
231,234,0.12442685235873202
232,234,0.17267676531717654
234,234,1.4857532791911574
235,234,0.24845199749997654
236,234,0.12222222222222219
240,234,0.15669814706114762
242,234,0.16770761816170718
243,234,0.005797101449275362
250,234,0.013043478260869565
253,234,0.018101443473618542
257,234,0.16661793144639842
259,234,0.0681828426462101
260,234,0.000568540040045713
280,234,0.06370685614126999
284,234,-0.003597560367317363
289,234,0.0034932610212246315
295,234,-0.11460367980409526
301,234,-0.0004973200485101942
316,234,-0.021187234921765517
325,234,-0.0019248889487144974
29,235,5.103872212500561e-5
45,235,-0.04223670143844327
57,235,0.005238364534418003
68,235,0.08369565217391305
124,235,-0.006574747429139061
133,235,-0.02011097383620184
144,235,-0.12268653095236923
159,235,2.2988627374612097e-5
160,235,0.0009267011958685728
162,235,0.024620819918209552
168,235,0.20419648265499202
185,235,0.15275252316519464
225,235,0.0019718178420611077
226,235,0.030547760003691533
228,235,0.16770761816170718
230,235,-0.03091410001116165
232,235,0.06806549421833066
233,235,0.19954965751036596
234,235,0.24845199749997654
235,235,1.6550528334903751
236,235,0.09830057292390378
237,235,0.20419648265499202
241,235,0.15669814706114762
243,235,0.11716941354706799
244,235,0.024620819918209552
249,235,0.1182358238225806
253,235,-0.043138956656952096
258,235,0.16661793144639842
260,235,0.03251166599362857
261,235,0.003392672812256982
284,235,0.01301298307048355
285,235,0.02189561179162741
288,235,0.013131419942712675
296,235,-0.11460367980409526
300,235,-0.02363814762190417
319,235,-0.022086378501534318
322,235,-0.006574747429139061
24,236,0.00018714198112502057
32,236,0.0011943012507331374
46,236,-0.04223670143844327
56,236,0.0004973200485101942
57,236,-0.0017848897813154579
69,236,0.08369565217391305
122,236,-0.0005863902732926824
132,236,-0.0026730149429903495
133,236,0.008147416125983442
145,236,-0.12268653095236923
161,236,2.2988627374612097e-5
162,236,0.003392672812256982
169,236,0.20419648265499202
186,236,0.15275252316519464
227,236,0.0019718178420611077
228,236,0.0681828426462101
230,236,-0.01382520581763689
233,236,0.08924131981599595
234,236,0.12222222222222219
235,236,0.09830057292390378
236,236,1.5530041803143835
237,236,0.15275252316519464
243,236,0.18732912310614558
245,236,0.024620819918209552
247,236,0.08028390990263383
249,236,-0.1227494075985261
251,236,0.041510480397418156
260,236,0.11716941354706799
262,236,0.003392672812256982
278,236,-0.05088059739888543
281,236,0.06370685614126999
289,236,-0.0056508634166869045
298,236,-0.08266564361902784
300,236,0.0487906199490025
302,236,-0.0026730149429903495
317,236,-0.021187234921765517
325,236,0.004812222371786243
25,237,0.00018714198112502057
30,237,5.103872212500561e-5
47,237,-0.04223670143844327
55,237,1.4395537009616967e-5
56,237,-0.00010550957254245719
70,237,0.08369565217391305
124,237,0.002432845754625267
131,237,-0.00010550957254245719
132,237,0.0006635033876250728
146,237,-0.12268653095236923
162,237,0.00018714198112502054
163,237,0.009977837208415245
170,237,0.20419648265499202
187,237,0.15275252316519464
228,237,0.009977837208415245
229,237,0.1192094419766381
231,237,-0.04223670143844327
232,237,0.08369565217391305
233,237,-0.12268653095236923
235,237,0.20419648265499202
236,237,0.15275252316519464
237,237,1.3857052317494503
244,237,0.18732912310614558
245,237,0.11716941354706799
248,237,0.08028390990263383
251,237,-0.08266564361902784
252,237,-0.05088059739888543
261,237,0.11716941354706799
262,237,0.03251166599362857
279,237,-0.05088059739888543
283,237,0.051089760847130614
286,237,0.02189561179162741
288,237,-0.022086378501534318
299,237,-0.08266564361902784
302,237,0.009169957075126009
320,237,-0.022086378501534318
322,237,0.014409932546626585
324,237,0.00617568537712568
25,238,-0.0008283403157411057
35,238,-0.018101443473618542
39,238,0.03091410001116165
58,238,0.00010550957254245719
60,238,0.028065096711647947
65,238,-0.0523881805284095
99,238,0.09749960430435688
134,238,-0.0006635033876250728
136,238,-0.07240577389447417
141,238,0.10559175359610816
164,238,0.0009267011958685728
165,238,0.09586055474871703
188,238,0.15275252316519464
223,238,0.02011097383620184
225,238,0.08126605322836201
230,238,-0.041510480397418156
231,238,0.06313692820940636
232,238,0.08200569125836946
238,238,1.6853799300040377
239,238,0.22395160411940412
240,238,0.19322077086723743
241,238,0.03367811605397753
242,238,0.08425033984880378
244,238,0.0523881805284095
246,238,-0.12356716511157888
248,238,-0.028065096711647947
251,238,0.01382520581763689
255,238,0.09830057292390378
263,238,0.03251166599362857
264,238,0.000568540040045713
277,238,0.051089760847130614
279,238,0.0017848897813154579
291,238,-0.0034932610212246315
293,238,0.08924131981599595
303,238,-0.02363814762190417
305,238,-0.0004973200485101942
316,238,-0.03017573774714276
326,238,0.0008283403157411057
36,239,-0.018101443473618542
40,239,0.03091410001116165
58,239,-1.4395537009616967e-5
61,239,0.028065096711647947
66,239,-0.0523881805284095
100,239,0.09749960430435688
124,239,0.0056508634166869045
134,239,0.00010550957254245719
137,239,-0.07240577389447417
142,239,0.10559175359610816
164,239,2.2988627374612097e-5
166,239,0.09586055474871703
189,239,0.15275252316519464
223,239,-0.005238364534418003
226,239,0.08126605322836201
230,239,0.013043478260869565
231,239,0.005797101449275362
233,239,0.08200569125836946
238,239,0.22395160411940412
239,239,1.3789053035401801
241,239,0.1629129912625669
243,239,0.12442685235873202
244,239,-0.10559175359610816
245,239,-0.047222067780861146
247,239,-0.11460367980409526
248,239,0.07240577389447417
249,239,-0.0499708128069356
250,239,0.05530082327054757
256,239,0.09830057292390378
264,239,0.01226818197705774
278,239,0.02363814762190417
279,239,-0.008147416125983442
290,239,-0.0056508634166869045
294,239,0.08924131981599595
304,239,-0.009169957075126009
305,239,0.0026730149429903495
317,239,-0.014409932546626585
318,239,0.005150324794343752
24,240,-0.0005478956190949217
33,240,-0.00030433613908329343
44,240,0.03091410001116165
59,240,0.0004973200485101942
62,240,0.013043478260869565
101,240,0.09749960430435688
123,240,-0.004812222371786243
135,240,-0.0026730149429903495
138,240,-0.041510480397418156
165,240,0.003392672812256982
167,240,0.05217391304347826
171,240,0.15217391304347827
190,240,0.15275252316519464
224,240,0.0487906199490025
227,240,0.1227494075985261
230,240,-0.043138956656952096
232,240,0.11716941354706799
234,240,0.15669814706114762
238,240,0.19322077086723743
240,240,1.6429488042356528
241,240,0.24845199749997654
242,240,0.08755552150384377
243,240,0.06806549421833066
245,240,0.08369565217391305
246,240,0.18884524245927095
247,240,0.014850653283999416
253,240,-0.03091410001116165
257,240,0.09830057292390378
263,240,0.19322077086723743
265,240,0.0681828426462101
266,240,0.000568540040045713
280,240,0.08704013577782194
282,240,0.0017848897813154579
306,240,-0.0487906199490025
308,240,-0.0004973200485101942
321,240,-0.0011943012507331374
327,240,-0.0019248889487144974
33,241,5.103872212500561e-5
37,241,-0.00883183537521694
45,241,0.03091410001116165
63,241,0.013043478260869565
102,241,0.09749960430435688
124,241,-0.004812222371786243
139,241,-0.041510480397418156
165,241,2.2988627374612097e-5
166,241,0.0009267011958685728
168,241,0.05217391304347826
172,241,0.15217391304347827
191,241,0.15275252316519464
228,241,0.1227494075985261
230,241,0.018101443473618542
232,241,0.005797101449275362
233,241,0.06313692820940636
235,241,0.15669814706114762
238,241,0.03367811605397753
239,241,0.1629129912625669
240,241,0.24845199749997654
241,241,1.723738240528858
243,241,0.17267676531717654
244,241,0.15217391304347827
247,241,0.16661793144639842
248,241,0.05217391304347826
253,241,0.05530082327054757
258,241,0.09830057292390378
264,241,0.19322077086723743
266,241,0.03251166599362857
267,241,0.003392672812256982
281,241,0.051089760847130614
291,241,0.013131419942712675
307,241,-0.02363814762190417
319,241,-0.03017573774714276
321,241,0.005150324794343752
326,241,-0.004812222371786243
34,242,-0.0011943012507331374
35,242,0.003597560367317363
60,242,0.0017848897813154579
62,242,-0.005238364534418003
71,242,0.0523881805284095
103,242,0.09749960430435688
122,242,-0.002432845754625267
136,242,-0.008147416125983442
138,242,0.02011097383620184
147,242,-0.10559175359610816
167,242,0.009977837208415245
173,242,0.15217391304347827
192,242,0.15275252316519464
225,242,0.08704013577782194
227,242,-0.1192094419766381
230,242,-0.018809943375954583
234,242,0.16770761816170718
238,242,0.08425033984880378
240,242,0.08755552150384377
242,242,1.459047314578005
243,242,0.19148542155126758
244,242,0.09749960430435688
245,242,-0.10900787150193655
246,242,0.08028390990263383
249,242,0.014850653283999416
252,242,0.028065096711647947
259,242,0.09830057292390378
265,242,0.16661793144639842
268,242,0.000568540040045713
277,242,0.12356716511157888
280,242,-0.1182358238225806
283,242,0.0017848897813154579
292,242,-0.004710312200115702
303,242,-0.11460367980409526
306,242,0.08266564361902784
309,242,-0.0004973200485101942
316,242,0.061306482114222356
322,242,-0.0011943012507331374
24,243,0.00018714198112502057
37,243,0.003597560367317363
61,243,0.0004973200485101942
72,243,0.0523881805284095
104,243,0.09749960430435688
137,243,-0.0026730149429903495
148,243,-0.10559175359610816
167,243,2.2988627374612097e-5
168,243,0.003392672812256982
169,243,0.024620819918209552
174,243,0.15217391304347827
193,243,0.15275252316519464
226,243,0.0487906199490025
230,243,0.013825205817636892
234,243,0.005797101449275362
235,243,0.11716941354706799
236,243,0.18732912310614558
239,243,0.12442685235873202
240,243,0.06806549421833066
241,243,0.17267676531717654
242,243,0.19148542155126758
243,243,1.7717845605061244
244,243,0.15275252316519464
245,243,0.20419648265499202
247,243,0.08028390990263383
249,243,0.18884524245927095
250,243,0.05217391304347826
253,243,0.07240577389447417
260,243,0.09830057292390378
266,243,0.16661793144639842
268,243,0.0681828426462101
269,243,0.003392672812256982
278,243,0.12356716511157888
284,243,0.008147416125983442
292,243,0.013131419942712675
304,243,-0.11460367980409526
310,243,-0.0026730149429903495
319,243,0.049234684802509227
25,244,0.00018714198112502057
34,244,5.103872212500561e-5
60,244,1.4395537009616967e-5
61,244,-0.00010550957254245719
64,244,0.005238364534418003
73,244,0.0523881805284095
105,244,0.09749960430435688
124,244,0.002432845754625267
136,244,-0.00010550957254245719
137,244,0.0006635033876250728
140,244,-0.02011097383620184
149,244,-0.10559175359610816
168,244,0.00018714198112502054
170,244,0.024620819918209552
175,244,0.15217391304347827
194,244,0.15275252316519464
225,244,0.005238364534418003
226,244,-0.02011097383620184
229,244,0.1192094419766381
235,244,0.024620819918209552
237,244,0.18732912310614558
238,244,0.0523881805284095
239,244,-0.10559175359610816
241,244,0.15217391304347827
242,244,0.09749960430435688
243,244,0.15275252316519464
244,244,1.6648059032919036
245,244,0.09830057292390378
248,244,0.08028390990263383
250,244,0.16661793144639842
252,244,0.12356716511157888
253,244,-0.11460367980409526
261,244,0.09830057292390378
267,244,0.16661793144639842
269,244,0.03251166599362857
279,244,0.12356716511157888
283,244,0.051089760847130614
284,244,-0.02363814762190417
290,244,0.02189561179162741
305,244,-0.11460367980409526
309,244,-0.02363814762190417
310,244,0.009169957075126009
322,244,0.014409932546626585
326,244,0.00617568537712568
36,245,0.00030433613908329343
48,245,-0.03091410001116165
62,245,1.4395537009616967e-5
64,245,-0.0017848897813154579
74,245,0.0523881805284095
106,245,0.09749960430435688
123,245,0.0007485679245000822
138,245,-0.00010550957254245719
140,245,0.008147416125983442
150,245,-0.10559175359610816
169,245,0.00018714198112502054
170,245,0.003392672812256982
176,245,0.15217391304347827
195,245,0.15275252316519464
227,245,0.005238364534418003
229,245,-0.08704013577782194
236,245,0.024620819918209552
237,245,0.11716941354706799
239,245,-0.047222067780861146
240,245,0.08369565217391305
242,245,-0.10900787150193655
243,245,0.20419648265499202
244,245,0.09830057292390378
245,245,1.6485860591376136
250,245,0.15669814706114762
251,245,0.11027744230836015
252,245,-0.08126605322836201
262,245,0.09830057292390378
269,245,0.11716941354706799
270,245,0.01226818197705774
282,245,0.1182358238225806
283,245,-0.08704013577782194
292,245,-0.022086378501534318
308,245,-0.08266564361902784
309,245,0.0487906199490025
318,245,-0.061306482114222356
320,245,0.049234684802509227
327,245,0.00617568537712568
38,246,-0.0011943012507331374
41,246,0.00883183537521694
65,246,0.0017848897813154579
71,246,-0.028065096711647947
107,246,0.09749960430435688
122,246,-0.0010426481805536861
141,246,-0.008147416125983442
147,246,0.07240577389447417
171,246,0.009977837208415245
173,246,0.05217391304347826
196,246,0.15275252316519464
223,246,-0.01952792276652153
224,246,0.049234684802509227
227,246,-0.05108976084713062
231,246,-0.061306482114222356
232,246,0.1182358238225806
238,246,-0.12356716511157888
240,246,0.18884524245927095
242,246,0.08028390990263383
246,246,1.39981884057971
247,246,0.19148542155126758
248,246,0.09749960430435688
249,246,0.06806549421833066
251,246,-0.03915447016346177
252,246,-0.0523881805284095
265,246,0.17267676531717654
271,246,0.11716941354706799
272,246,0.000568540040045713
277,246,-0.08425033984880378
286,246,0.0017848897813154579
291,246,0.003597560367317363
297,246,-0.08924131981599595
303,246,0.12442685235873202
312,246,-0.0004973200485101942
324,246,-0.0011943012507331374
327,246,-0.0019075277016087973
24,247,8.020370619643739e-5
46,247,0.018101443473618542
66,247,0.0004973200485101942
69,247,0.013043478260869565
72,247,-0.028065096711647947
108,247,0.09749960430435688
142,247,-0.0026730149429903495
145,247,-0.041510480397418156
148,247,0.07240577389447417
171,247,2.2988627374612097e-5
172,247,0.003392672812256982
174,247,0.05217391304347826
197,247,0.15275252316519464
223,247,0.009178312556375927
233,247,0.08266564361902784
236,247,0.08028390990263383
239,247,-0.11460367980409526
240,247,0.014850653283999416
241,247,0.16661793144639842
243,247,0.08028390990263383
246,247,0.19148542155126758
247,247,1.7394693842449258
248,247,0.15275252316519464
249,247,0.08755552150384377
250,247,0.15217391304347827
251,247,0.12268653095236923
253,247,-0.10559175359610816
266,247,0.17267676531717654
272,247,0.0681828426462101
273,247,0.003392672812256982
278,247,-0.08425033984880378
285,247,0.08704013577782194
287,247,0.008147416125983442
298,247,-0.08924131981599595
304,247,0.12442685235873202
311,247,-0.0487906199490025
313,247,-0.0026730149429903495
327,247,0.006574747429139061
25,248,8.020370619643739e-5
38,248,5.103872212500561e-5
43,248,-0.00883183537521694
47,248,0.018101443473618542
65,248,1.4395537009616967e-5
66,248,-0.00010550957254245719
70,248,0.013043478260869565
73,248,-0.028065096711647947
109,248,0.09749960430435688
124,248,0.0010426481805536861
141,248,-0.00010550957254245719
142,248,0.0006635033876250728
146,248,-0.041510480397418156
149,248,0.07240577389447417
172,248,0.00018714198112502054
175,248,0.05217391304347826
198,248,0.15275252316519464
224,248,-0.00883183537521694
229,248,0.05108976084713062
231,248,0.018101443473618542
232,248,0.013043478260869565
233,248,-0.041510480397418156
237,248,0.08028390990263383
238,248,-0.028065096711647947
239,248,0.07240577389447417
241,248,0.05217391304347826
244,248,0.08028390990263383
246,248,0.09749960430435688
247,248,0.15275252316519464
248,248,1.6346403359207906
250,248,0.17267676531717654
251,248,-0.08924131981599595
252,248,-0.08425033984880378
253,248,0.12442685235873202
267,248,0.17267676531717654
273,248,0.03251166599362857
279,248,-0.08425033984880378
286,248,0.051089760847130614
287,248,-0.02363814762190417
290,248,0.051089760847130614
291,248,-0.03017573774714276
299,248,-0.08924131981599595
305,248,0.12442685235873202
312,248,-0.02363814762190417
313,248,0.009169957075126009
323,248,-0.03017573774714276
324,248,0.014409932546626585
326,248,0.014409932546626585
40,249,-0.0011943012507331374
42,249,0.003597560367317363
68,249,0.0017848897813154579
69,249,-0.005238364534418003
110,249,0.09749960430435688
122,249,0.0005478956190949217
144,249,-0.008147416125983442
145,249,0.02011097383620184
173,249,2.2988627374612097e-5
174,249,0.009977837208415245
177,249,0.09586055474871703
199,249,0.15275252316519464
223,249,0.004002033263000152
226,249,0.049234684802509227
228,249,-0.06370685614126999
235,249,0.1182358238225806
236,249,-0.1227494075985261
239,249,-0.0499708128069356
242,249,0.014850653283999416
243,249,0.18884524245927095
246,249,0.06806549421833066
247,249,0.08755552150384377
249,249,1.5881440600649106
250,249,0.2180157430038731
251,249,-0.09552712572195877
252,249,0.09586055474871703
268,249,0.17267676531717654
272,249,0.16661793144639842
274,249,0.003392672812256982
285,249,-0.1182358238225806
288,249,0.008147416125983442
292,249,0.01301298307048355
300,249,-0.08924131981599595
311,249,0.08266564361902784
314,249,-0.0026730149429903495
317,249,0.0499708128069356
325,249,-0.005150324794343752
40,250,0.00030433613908329343
43,250,0.003597560367317363
48,250,0.018101443473618542
67,250,1.4395537009616967e-5
111,250,0.09749960430435688
123,250,0.0005478956190949217
143,250,-0.00010550957254245719
174,250,0.00018714198112502054
175,250,0.003392672812256982
176,250,0.024620819918209552
178,250,0.09586055474871703
200,250,0.15275252316519464
226,250,-0.02633144568676326
229,250,-0.06370685614126999
231,250,0.013825205817636892
234,250,0.013043478260869565
239,250,0.05530082327054757
243,250,0.05217391304347826
244,250,0.16661793144639842
245,250,0.15669814706114762
247,250,0.15217391304347827
248,250,0.17267676531717654
249,250,0.2180157430038731
250,250,1.7444379010185307
251,250,0.1908457148147966
252,250,0.16178739643854767
253,250,0.1629129912625669
269,250,0.17267676531717654
273,250,0.16661793144639842
274,250,0.0681828426462101
275,250,0.01226818197705774
290,250,-0.06370685614126999
292,250,-0.03017573774714276
301,250,-0.08924131981599595
318,250,0.0499708128069356
323,250,0.049234684802509227
325,250,0.014409932546626585
41,251,-5.103872212500561e-5
42,251,0.00030433613908329343
43,251,-0.0011943012507331374
69,251,0.00010550957254245719
70,251,-0.0004973200485101942
75,251,0.028065096711647947
112,251,0.09749960430435688
145,251,-0.0006635033876250728
146,251,0.0026730149429903495
151,251,-0.07240577389447417
176,251,0.0009267011958685728
179,251,0.09586055474871703
201,251,0.15275252316519464
227,251,0.00883183537521694
228,251,-0.02633144568676326
229,251,0.049234684802509227
236,251,0.041510480397418156
237,251,-0.08266564361902784
238,251,0.01382520581763689
245,251,0.11027744230836015
246,251,-0.03915447016346177
247,251,0.12268653095236923
248,251,-0.08924131981599595
249,251,-0.09552712572195877
250,251,0.1908457148147966
251,251,1.5034252030331583
253,251,0.08200569125836946
270,251,0.17267676531717654
275,251,0.11716941354706799
287,251,0.1182358238225806
288,251,-0.08704013577782194
291,251,-0.06370685614126999
292,251,0.051089760847130614
302,251,-0.08924131981599595
313,251,-0.08266564361902784
314,251,0.0487906199490025
324,251,0.049234684802509227
325,251,-0.03017573774714276
327,251,-0.022086378501534318
47,252,0.003597560367317363
48,252,-0.00883183537521694
71,252,1.4395537009616967e-5
73,252,0.0017848897813154579
74,252,-0.005238364534418003
113,252,0.09749960430435688
147,252,-0.00010550957254245719
149,252,-0.008147416125983442
150,252,0.02011097383620184
177,252,0.00018714198112502054
178,252,0.009977837208415245
202,252,0.15275252316519464
224,252,0.004002033263000152
226,252,-0.01952792276652153
233,252,0.018809943375954583
237,252,-0.05088059739888543
242,252,0.028065096711647947
244,252,0.12356716511157888
245,252,-0.08126605322836201
246,252,-0.0523881805284095
248,252,-0.08425033984880378
249,252,0.09586055474871703
250,252,0.16178739643854767
252,252,1.5462192085072013
253,252,0.11746341049038532
274,252,0.19322077086723743
276,252,0.01226818197705774
283,252,0.08425033984880378
286,252,-0.12356716511157888
289,252,0.02363814762190417
290,252,0.05088059739888543
309,252,-0.12442685235873202
312,252,0.11460367980409526
315,252,-0.009169957075126009
320,252,0.0499708128069356
323,252,-0.061306482114222356
44,253,-5.103872212500561e-5
45,253,0.00030433613908329343
72,253,0.00010550957254245719
73,253,-0.0004973200485101942
75,253,-0.013043478260869565
114,253,0.09749960430435688
148,253,-0.0006635033876250728
149,253,0.0026730149429903495
151,253,0.041510480397418156
178,253,0.0009267011958685728
179,253,0.024620819918209552
203,253,0.15275252316519464
225,253,-0.009178312556375927
229,253,0.021187234921765517
232,253,0.013825205817636892
234,253,0.018101443473618542
235,253,-0.043138956656952096
240,253,-0.03091410001116165
241,253,0.05530082327054757
243,253,0.07240577389447417
244,253,-0.11460367980409526
247,253,-0.10559175359610816
248,253,0.12442685235873202
250,253,0.1629129912625669
251,253,0.08200569125836946
252,253,0.11746341049038532
253,253,1.5088745681338893
275,253,0.19322077086723743
276,253,0.0681828426462101
284,253,0.08425033984880378
287,253,-0.12356716511157888
289,253,-0.051089760847130614
310,253,-0.12442685235873202
313,253,0.11460367980409526
315,253,0.02363814762190417
321,253,0.0499708128069356
326,253,-0.021187234921765517
27,254,0.004002033263000152
30,254,-0.013825205817636892
34,254,0.01382520581763689
77,254,0.0523881805284095
83,254,-0.08369565217391305
126,254,0.018809943375954583
130,254,-0.05530082327054757
135,254,0.047222067780861146
180,254,0.00018714198112502054
181,254,0.15217391304347827
224,254,-0.08425033984880378
230,254,0.003392672812256982
231,254,0.17267676531717654
254,254,1.5130664737290798
255,254,0.11027744230836015
256,254,0.014850653283999416
257,254,0.11460367980409526
259,254,0.0499708128069356
261,254,-0.03091410001116165
262,254,-0.01382520581763689
263,254,-0.08266564361902784
265,254,-0.061306482114222356
267,254,0.018101443473618542
269,254,0.013825205817636892
277,254,0.049234684802509227
279,254,-0.00883183537521694
280,254,0.021187234921765517
282,254,-0.009178312556375927
283,254,-0.004002033263000152
293,254,0.003929981603625432
294,254,0.00013264060548194621
328,254,-0.00617568537712568
330,254,0.0019248889487144974
332,254,0.0008283403157411057
31,255,-0.009178312556375927
39,255,0.01382520581763689
76,255,0.00010550957254245719
78,255,0.028065096711647947
99,255,-0.10900787150193655
127,255,0.01952792276652153
131,255,-0.043138956656952096
141,255,0.047222067780861146
181,255,0.0009267011958685728
182,255,0.09586055474871703
188,255,0.20419648265499202
223,255,-0.008147416125983442
225,255,-0.12356716511157888
231,255,0.01226818197705774
232,255,0.19322077086723743
238,255,0.09830057292390378
254,255,0.11027744230836015
255,255,1.664957897728122
256,255,0.22395160411940412
257,255,0.19322077086723743
258,255,0.03367811605397753
259,255,0.08425033984880378
261,255,0.0523881805284095
263,255,0.11716941354706799
264,255,0.005797101449275362
271,255,-0.05088059739888543
275,255,0.013825205817636892
277,255,-0.08704013577782194
279,255,-0.005238364534418003
287,255,-0.009178312556375927
288,255,-0.004002033263000152
293,255,0.19954965751036596
295,255,0.01226818197705774
296,255,0.00013264060548194621
328,255,0.022086378501534318
331,255,-0.0019075277016087973
335,255,0.0008283403157411057
28,256,0.0034932610212246315
32,256,-0.009178312556375927
40,256,0.01382520581763689
76,256,-1.4395537009616967e-5
79,256,0.028065096711647947
100,256,-0.10900787150193655
128,256,0.01952792276652153
132,256,-0.043138956656952096
142,256,0.047222067780861146
181,256,2.2988627374612097e-5
183,256,0.09586055474871703
189,256,0.20419648265499202
223,256,0.0017848897813154579
226,256,-0.12356716511157888
231,256,0.000568540040045713
233,256,0.19322077086723743
239,256,0.09830057292390378
254,256,0.014850653283999416
255,256,0.22395160411940412
256,256,1.3562441109166778
258,256,0.1629129912625669
260,256,0.12442685235873202
261,256,-0.10559175359610816
262,256,-0.047222067780861146
264,256,0.06313692820940636
272,256,-0.061306482114222356
273,256,0.043138956656952096
274,256,0.018809943375954583
278,256,-0.0487906199490025
279,256,0.02011097383620184
285,256,0.021187234921765517
286,256,-0.01952792276652153
294,256,0.19954965751036596
296,256,0.003929981603625432
329,256,0.014409932546626585
330,256,-0.006574747429139061
27,257,-0.0019248889487144974
31,257,0.004710312200115702
44,257,0.01382520581763689
77,257,0.0004973200485101942
80,257,0.013043478260869565
90,257,0.08369565217391305
101,257,-0.10900787150193655
127,257,-0.013131419942712675
129,257,-0.00154817457112517
182,257,0.003392672812256982
184,257,0.05217391304347826
190,257,0.20419648265499202
224,257,-0.02363814762190417
227,257,-0.1182358238225806
232,257,0.03251166599362857
234,257,0.16661793144639842
240,257,0.09830057292390378
254,257,0.11460367980409526
255,257,0.19322077086723743
257,257,1.6883667235009943
258,257,0.24845199749997654
259,257,0.08755552150384377
260,257,0.06806549421833066
262,257,0.08369565217391305
263,257,0.08200569125836946
265,257,0.16770761816170718
266,257,0.005797101449275362
271,257,0.1227494075985261
273,257,0.013043478260869565
280,257,-0.1192094419766381
282,257,-0.005238364534418003
287,257,-0.00883183537521694
289,257,-0.004002033263000152
295,257,0.1629129912625669
297,257,0.030547760003691533
298,257,0.00013264060548194621
328,257,-0.021187234921765517
336,257,-0.0019248889487144974
28,258,-0.0019248889487144974
45,258,0.01382520581763689
81,258,0.013043478260869565
91,258,0.08369565217391305
102,258,-0.10900787150193655
129,258,0.00030433613908329343
133,258,-0.02633144568676326
182,258,2.2988627374612097e-5
183,258,0.0009267011958685728
185,258,0.05217391304347826
191,258,0.20419648265499202
228,258,-0.1182358238225806
232,258,0.000568540040045713
233,258,0.01226818197705774
235,258,0.16661793144639842
241,258,0.09830057292390378
255,258,0.03367811605397753
256,258,0.1629129912625669
257,258,0.24845199749997654
258,258,1.7429405782145044
260,258,0.17267676531717654
261,258,0.15217391304347827
264,258,0.08200569125836946
266,258,0.11716941354706799
267,258,0.024620819918209552
272,258,0.1182358238225806
276,258,0.018809943375954583
281,258,-0.08704013577782194
285,258,-0.06370685614126999
287,258,0.02633144568676326
296,258,0.1629129912625669
298,258,0.01226818197705774
299,258,0.0009267011958685728
333,258,-0.006574747429139061
335,258,-0.004812222371786243
26,259,-0.0007485679245000822
29,259,-0.0005863902732926824
30,259,0.0019075277016087973
78,259,0.0017848897813154579
80,259,-0.005238364534418003
92,259,0.08369565217391305
103,259,-0.10900787150193655
125,259,0.002432845754625267
126,259,-0.006574747429139061
130,259,-0.005150324794343752
131,259,0.01301298307048355
147,259,-0.047222067780861146
184,259,0.009977837208415245
192,259,0.20419648265499202
225,259,-0.051089760847130614
227,259,0.08704013577782194
234,259,0.0681828426462101
242,259,0.09830057292390378
254,259,0.0499708128069356
255,259,0.08425033984880378
257,259,0.08755552150384377
259,259,1.5295592722214741
260,259,0.19148542155126758
261,259,0.09749960430435688
262,259,-0.10900787150193655
265,259,0.15669814706114762
268,259,0.005797101449275362
271,259,-0.08028390990263383
274,259,0.013043478260869565
276,259,0.018101443473618542
277,259,-0.08126605322836201
280,259,0.1227494075985261
283,259,-0.005238364534418003
288,259,-0.00883183537521694
289,259,-0.009178312556375927
297,259,0.11027744230836015
300,259,0.00013264060548194621
334,259,0.0019075277016087973
29,260,0.0001190903516250131
32,260,0.0019075277016087973
79,260,0.0004973200485101942
93,260,0.08369565217391305
104,260,-0.10900787150193655
125,260,-0.0005863902732926824
128,260,-0.006574747429139061
133,260,0.01301298307048355
148,260,-0.047222067780861146
184,260,2.2988627374612097e-5
185,260,0.003392672812256982
186,260,0.024620819918209552
193,260,0.20419648265499202
226,260,-0.02363814762190417
234,260,0.000568540040045713
235,260,0.03251166599362857
236,260,0.11716941354706799
243,260,0.09830057292390378
256,260,0.12442685235873202
257,260,0.06806549421833066
258,260,0.17267676531717654
259,260,0.19148542155126758
260,260,1.786682632625895
261,260,0.15275252316519464
262,260,0.20419648265499202
266,260,0.15669814706114762
268,260,0.16770761816170718
269,260,0.024620819918209552
275,260,0.041510480397418156
278,260,-0.08126605322836201
284,260,-0.02011097383620184
285,260,0.05108976084713062
289,260,0.01952792276652153
298,260,0.11027744230836015
300,260,0.030547760003691533
301,260,0.0009267011958685728
329,260,-0.021187234921765517
334,260,-0.006574747429139061
28,261,0.0007485679245000822
78,261,1.4395537009616967e-5
79,261,-0.00010550957254245719
82,261,0.005238364534418003
94,261,0.08369565217391305
105,261,-0.10900787150193655
130,261,0.00030433613908329343
149,261,-0.047222067780861146
185,261,0.00018714198112502054
187,261,0.024620819918209552
194,261,0.20419648265499202
225,261,-0.0017848897813154579
226,261,0.008147416125983442
229,261,-0.08704013577782194
235,261,0.003392672812256982
237,261,0.11716941354706799
244,261,0.09830057292390378
254,261,-0.03091410001116165
255,261,0.0523881805284095
256,261,-0.10559175359610816
258,261,0.15217391304347827
259,261,0.09749960430435688
260,261,0.15275252316519464
261,261,1.6485860591376136
262,261,0.09830057292390378
267,261,0.15669814706114762
269,261,0.11716941354706799
274,261,0.1182358238225806
275,261,-0.08266564361902784
276,261,-0.061306482114222356
279,261,-0.08126605322836201
283,261,-0.08704013577782194
284,261,0.0487906199490025
288,261,0.049234684802509227
299,261,0.11027744230836015
301,261,0.01226818197705774
332,261,-0.022086378501534318
335,261,0.00617568537712568
27,262,0.00018714198112502057
30,262,0.0001190903516250131
32,262,-0.0005863902732926824
48,262,-0.01382520581763689
80,262,1.4395537009616967e-5
82,262,-0.0017848897813154579
95,262,0.08369565217391305
106,262,-0.10900787150193655
126,262,-0.0005863902732926824
128,262,0.002432845754625267
132,262,0.00154817457112517
150,262,-0.047222067780861146
186,262,0.00018714198112502054
187,262,0.003392672812256982
195,262,0.20419648265499202
227,262,-0.0017848897813154579
229,262,0.051089760847130614
236,262,0.003392672812256982
237,262,0.03251166599362857
245,262,0.09830057292390378
254,262,-0.01382520581763689
256,262,-0.047222067780861146
257,262,0.08369565217391305
259,262,-0.10900787150193655
260,262,0.20419648265499202
261,262,0.09830057292390378
262,262,1.5941211992043194
269,262,0.18732912310614558
270,262,0.06313692820940636
273,262,0.08028390990263383
274,262,-0.1227494075985261
282,262,-0.1227494075985261
283,262,0.1192094419766381
286,262,0.05108976084713062
289,262,-0.021187234921765517
301,262,0.06313692820940636
302,262,0.003929981603625432
330,262,-0.021187234921765517
334,262,0.014409932546626585
336,262,0.00617568537712568
27,263,-0.0008283403157411057
41,263,0.013825205817636892
83,263,0.0004973200485101942
86,263,0.028065096711647947
90,263,-0.0523881805284095
127,263,-0.0056508634166869045
134,263,-0.00154817457112517
138,263,-0.043138956656952096
143,263,0.05530082327054757
188,263,0.003392672812256982
190,263,0.09586055474871703
204,263,0.2180157430038731
223,263,-0.01301298307048355
227,263,-0.05088059739888543
238,263,0.03251166599362857
240,263,0.19322077086723743
254,263,-0.08266564361902784
255,263,0.11716941354706799
257,263,0.08200569125836946
263,263,1.7127737021582088
264,263,0.24845199749997654
265,263,0.16178739643854767
266,263,0.03367811605397753
269,263,0.0523881805284095
270,263,0.04223670143844327
271,263,-0.08126605322836201
273,263,-0.028065096711647947
275,263,-0.03091410001116165
277,263,0.1192094419766381
278,263,0.0019718178420611077
292,263,-0.004002033263000152
295,263,0.1908457148147966
303,263,0.030547760003691533
304,263,0.00013264060548194621
328,263,-0.049234684802509227
331,263,-0.0011943012507331374
337,263,0.0008283403157411057
28,264,-0.0008283403157411057
37,264,-0.009178312556375927
42,264,0.013825205817636892
87,264,0.028065096711647947
91,264,-0.0523881805284095
134,264,0.00030433613908329343
139,264,-0.043138956656952096
144,264,0.05530082327054757
188,264,2.2988627374612097e-5
189,264,0.0009267011958685728
191,264,0.09586055474871703
205,264,0.2180157430038731
223,264,0.003597560367317363
228,264,-0.05088059739888543
238,264,0.000568540040045713
239,264,0.01226818197705774
241,264,0.19322077086723743
255,264,0.005797101449275362
256,264,0.06313692820940636
258,264,0.08200569125836946
263,264,0.24845199749997654
264,264,1.6881878075410177
266,264,0.19322077086723743
267,264,0.09586055474871703
268,264,0.08425033984880378
270,264,-0.047222067780861146
272,264,-0.12356716511157888
275,264,0.05530082327054757
278,264,0.0681828426462101
279,264,0.009977837208415245
291,264,-0.01952792276652153
296,264,0.1908457148147966
304,264,0.01226818197705774
305,264,0.0009267011958685728
329,264,-0.03017573774714276
331,264,0.005150324794343752
26,265,-0.0005478956190949217
33,265,-0.0005863902732926824
35,265,0.004710312200115702
84,265,0.0017848897813154579
126,265,-0.004812222371786243
135,265,-0.005150324794343752
138,265,0.02633144568676326
147,265,0.05530082327054757
190,265,0.009977837208415245
192,265,0.05217391304347826
196,265,0.15217391304347827
206,265,0.2180157430038731
224,265,-0.03017573774714276
227,265,0.06370685614126999
240,265,0.0681828426462101
242,265,0.16661793144639842
246,265,0.17267676531717654
254,265,-0.061306482114222356
257,265,0.16770761816170718
259,265,0.15669814706114762
263,265,0.16178739643854767
265,265,1.6649612629185924
266,265,0.19148542155126758
267,265,0.09749960430435688
268,265,0.06806549421833066
270,265,-0.03915447016346177
271,265,0.15669814706114762
272,265,0.014850653283999416
276,265,-0.03091410001116165
277,265,0.16178739643854767
280,265,0.16770761816170718
281,265,0.0019718178420611077
291,265,-0.00883183537521694
297,265,0.1908457148147966
303,265,0.1629129912625669
306,265,0.06313692820940636
307,265,0.00013264060548194621
328,265,0.061306482114222356
333,265,-0.0011943012507331374
33,266,0.0001190903516250131
37,266,0.004710312200115702
46,266,0.013825205817636892
85,266,0.0004973200485101942
88,266,0.013043478260869565
128,266,-0.004812222371786243
148,266,0.05530082327054757
190,266,2.2988627374612097e-5
191,266,0.003392672812256982
193,266,0.05217391304347826
197,266,0.15217391304347827
207,266,0.2180157430038731
240,266,0.000568540040045713
241,266,0.03251166599362857
243,266,0.16661793144639842
247,266,0.17267676531717654
257,266,0.005797101449275362
258,266,0.11716941354706799
260,266,0.15669814706114762
263,266,0.03367811605397753
264,266,0.19322077086723743
265,266,0.19148542155126758
266,266,1.9141986733671348
267,266,0.15275252316519464
268,266,0.08755552150384377
269,266,0.15217391304347827
270,266,0.12268653095236923
272,266,0.18884524245927095
273,266,0.05217391304347826
278,266,0.16178739643854767
281,266,0.1192094419766381
282,266,0.009977837208415245
298,266,0.1908457148147966
304,266,0.1629129912625669
307,266,0.030547760003691533
308,266,0.0009267011958685728
337,266,-0.004812222371786243
28,267,0.0005478956190949217
47,267,0.013825205817636892
84,267,1.4395537009616967e-5
85,267,-0.00010550957254245719
89,267,0.013043478260869565
135,267,0.00030433613908329343
140,267,-0.02633144568676326
149,267,0.05530082327054757
191,267,0.00018714198112502054
194,267,0.05217391304347826
198,267,0.15217391304347827
208,267,0.2180157430038731
224,267,0.003597560367317363
229,267,-0.06370685614126999
241,267,0.003392672812256982
244,267,0.16661793144639842
248,267,0.17267676531717654
254,267,0.018101443473618542
258,267,0.024620819918209552
261,267,0.15669814706114762
264,267,0.09586055474871703
265,267,0.09749960430435688
266,267,0.15275252316519464
267,267,1.7444379010185307
269,267,0.17267676531717654
270,267,-0.08924131981599595
273,267,0.16661793144639842
276,267,0.0499708128069356
279,267,0.16178739643854767
282,267,0.0681828426462101
290,267,-0.06370685614126999
291,267,0.049234684802509227
299,267,0.1908457148147966
305,267,0.1629129912625669
308,267,0.01226818197705774
332,267,-0.03017573774714276
333,267,0.014409932546626585
26,268,0.00018714198112502057
36,268,0.0019075277016087973
87,268,0.0017848897813154579
88,268,-0.005238364534418003
96,268,0.0523881805284095
125,268,-0.0007485679245000822
137,268,-0.005150324794343752
139,268,0.01301298307048355
192,268,2.2988627374612097e-5
193,268,0.009977837208415245
199,268,0.15217391304347827
209,268,0.2180157430038731
226,268,-0.03017573774714276
228,268,0.051089760847130614
242,268,0.000568540040045713
243,268,0.0681828426462101
249,268,0.17267676531717654
259,268,0.005797101449275362
260,268,0.16770761816170718
264,268,0.08425033984880378
265,268,0.06806549421833066
266,268,0.08755552150384377
268,268,1.8549642168080045
269,268,0.2180157430038731
270,268,-0.09552712572195877
272,268,0.08028390990263383
274,268,0.05217391304347826
276,268,0.07240577389447417
281,268,0.18884524245927095
283,268,0.009977837208415245
292,268,-0.02633144568676326
300,268,0.1908457148147966
307,268,0.11027744230836015
309,268,0.0009267011958685728
329,268,0.061306482114222356
334,268,-0.005150324794343752
27,269,0.00018714198112502057
34,269,0.0001190903516250131
48,269,0.013825205817636892
86,269,1.4395537009616967e-5
97,269,0.0523881805284095
128,269,0.002432845754625267
137,269,0.00154817457112517
140,269,0.01301298307048355
193,269,0.00018714198112502054
194,269,0.003392672812256982
195,269,0.024620819918209552
200,269,0.15217391304347827
210,269,0.2180157430038731
226,269,0.01301298307048355
229,269,0.051089760847130614
243,269,0.003392672812256982
244,269,0.03251166599362857
245,269,0.11716941354706799
250,269,0.17267676531717654
254,269,0.013825205817636892
260,269,0.024620819918209552
261,269,0.11716941354706799
262,269,0.18732912310614558
263,269,0.0523881805284095
266,269,0.15217391304347827
267,269,0.17267676531717654
268,269,0.2180157430038731
269,269,1.9209260630262783
270,269,0.1908457148147966
273,269,0.08028390990263383
274,269,0.18884524245927095
275,269,0.11027744230836015
282,269,0.18884524245927095
283,269,0.1192094419766381
284,269,0.030547760003691533
290,269,0.05108976084713062
292,269,0.049234684802509227
301,269,0.1908457148147966
308,269,0.11027744230836015
309,269,0.030547760003691533
310,269,0.003929981603625432
332,269,0.049234684802509227
334,269,0.014409932546626585
337,269,0.00617568537712568
35,270,0.0001190903516250131
37,270,-0.0005863902732926824
88,270,0.00010550957254245719
89,270,-0.0004973200485101942
98,270,0.0523881805284095
127,270,0.0007485679245000822
138,270,-0.00030433613908329343
139,270,0.00154817457112517
140,270,-0.005150324794343752
151,270,-0.05530082327054757
195,270,0.0009267011958685728
201,270,0.15217391304347827
211,270,0.2180157430038731
227,270,-0.003597560367317363
228,270,0.01301298307048355
229,270,-0.03017573774714276
245,270,0.01226818197705774
251,270,0.17267676531717654
262,270,0.06313692820940636
263,270,0.04223670143844327
264,270,-0.047222067780861146
265,270,-0.03915447016346177
266,270,0.12268653095236923
267,270,-0.08924131981599595
268,270,-0.09552712572195877
269,270,0.1908457148147966
270,270,1.6352296181630543
275,270,0.15669814706114762
276,270,-0.08126605322836201
284,270,0.16770761816170718
291,270,0.05108976084713062
292,270,-0.06370685614126999
302,270,0.1908457148147966
310,270,0.06313692820940636
331,270,-0.061306482114222356
333,270,0.049234684802509227
334,270,-0.03017573774714276
38,271,-0.0019075277016087973
39,271,0.004710312200115702
44,271,-0.009178312556375927
90,271,0.005238364534418003
92,271,-0.013043478260869565
115,271,0.10900787150193655
125,271,-0.0010426481805536861
141,271,-0.01301298307048355
143,271,0.02633144568676326
147,271,-0.043138956656952096
196,271,0.024620819918209552
212,271,0.2180157430038731
223,271,0.0056508634166869045
224,271,-0.022086378501534318
225,271,0.02189561179162741
246,271,0.11716941354706799
255,271,-0.05088059739888543
257,271,0.1227494075985261
259,271,-0.08028390990263383
263,271,-0.08126605322836201
265,271,0.15669814706114762
271,271,1.449931387505422
272,271,0.12222222222222219
273,271,0.10900787150193655
274,271,-0.08369565217391305
275,271,-0.03915447016346177
276,271,0.04223670143844327
280,271,0.08755552150384377
285,271,0.0019718178420611077
290,271,0.005238364534418003
306,271,0.19954965751036596
311,271,0.00013264060548194621
328,271,-0.0499708128069356
335,271,-0.0011943012507331374
337,271,-0.0019075277016087973
26,272,8.020370619643739e-5
42,272,0.004710312200115702
46,272,-0.009178312556375927
91,272,0.0017848897813154579
96,272,-0.028065096711647947
116,272,0.10900787150193655
142,272,-0.005150324794343752
145,272,0.02633144568676326
196,272,2.2988627374612097e-5
197,272,0.009977837208415245
199,272,0.05217391304347826
213,272,0.2180157430038731
223,272,-0.0034932610212246315
228,272,0.02189561179162741
246,272,0.000568540040045713
247,272,0.0681828426462101
249,272,0.16661793144639842
256,272,-0.061306482114222356
258,272,0.1182358238225806
264,272,-0.12356716511157888
265,272,0.014850653283999416
266,272,0.18884524245927095
268,272,0.08028390990263383
271,272,0.12222222222222219
272,272,1.815979980855805
273,272,0.2180157430038731
274,272,0.15217391304347827
276,272,-0.10559175359610816
281,272,0.08755552150384377
285,272,0.16770761816170718
286,272,0.009977837208415245
291,272,0.02011097383620184
307,272,0.19954965751036596
311,272,0.06313692820940636
312,272,0.0009267011958685728
336,272,-0.005150324794343752
27,273,8.020370619643739e-5
38,273,0.0001190903516250131
43,273,0.004710312200115702
90,273,1.4395537009616967e-5
95,273,0.013043478260869565
97,273,-0.028065096711647947
117,273,0.10900787150193655
128,273,0.0010426481805536861
142,273,0.00154817457112517
150,273,0.043138956656952096
197,273,0.00018714198112502054
198,273,0.003392672812256982
200,273,0.05217391304347826
214,273,0.2180157430038731
224,273,0.004710312200115702
229,273,0.02189561179162741
247,273,0.003392672812256982
248,273,0.03251166599362857
250,273,0.16661793144639842
256,273,0.043138956656952096
257,273,0.013043478260869565
262,273,0.08028390990263383
263,273,-0.028065096711647947
266,273,0.05217391304347826
267,273,0.16661793144639842
269,273,0.08028390990263383
271,273,0.10900787150193655
272,273,0.2180157430038731
273,273,1.9607175707811728
274,273,0.08755552150384377
275,273,0.19954965751036596
282,273,0.08755552150384377
286,273,0.1192094419766381
287,273,0.030547760003691533
290,273,0.1192094419766381
308,273,0.19954965751036596
312,273,0.030547760003691533
313,273,0.003929981603625432
336,273,0.014409932546626585
337,273,0.014409932546626585
40,274,0.0005863902732926824
48,274,-0.009178312556375927
92,274,1.4395537009616967e-5
94,274,0.0017848897813154579
95,274,-0.005238364534418003
118,274,0.10900787150193655
126,274,0.0005478956190949217
146,274,0.01301298307048355
199,274,0.00018714198112502054
200,274,0.009977837208415245
202,274,0.09586055474871703
215,274,0.2180157430038731
226,274,0.013131419942712675
249,274,0.003392672812256982
250,274,0.0681828426462101
252,274,0.19322077086723743
256,274,0.018809943375954583
259,274,0.013043478260869565
261,274,0.1182358238225806
262,274,-0.1227494075985261
268,274,0.05217391304347826
269,274,0.18884524245927095
271,274,-0.08369565217391305
272,274,0.15217391304347827
273,274,0.08755552150384377
274,274,1.9541075888784192
275,274,0.11746341049038532
276,274,0.1629129912625669
283,274,0.08755552150384377
286,274,0.18884524245927095
288,274,0.030547760003691533
290,274,-0.1227494075985261
292,274,0.0487906199490025
309,274,0.19954965751036596
312,274,0.11027744230836015
314,274,0.003929981603625432
330,274,0.0499708128069356
39,275,0.0001190903516250131
43,275,-0.0019075277016087973
93,275,0.00010550957254245719
94,275,-0.0004973200485101942
119,275,0.10900787150193655
127,275,0.0005478956190949217
143,275,-0.00030433613908329343
144,275,0.00154817457112517
151,275,0.043138956656952096
200,275,0.0009267011958685728
201,275,0.024620819918209552
203,275,0.09586055474871703
216,275,0.2180157430038731
225,275,0.004710312200115702
229,275,-0.022086378501534318
250,275,0.01226818197705774
251,275,0.11716941354706799
253,275,0.19322077086723743
255,275,0.013825205817636892
260,275,0.041510480397418156
261,275,-0.08266564361902784
263,275,-0.03091410001116165
264,275,0.05530082327054757
269,275,0.11027744230836015
270,275,0.15669814706114762
271,275,-0.03915447016346177
273,275,0.19954965751036596
274,275,0.11746341049038532
275,275,1.8825905610146418
276,275,0.16178739643854767
284,275,0.08755552150384377
287,275,0.18884524245927095
288,275,0.1192094419766381
292,275,-0.08704013577782194
310,275,0.19954965751036596
313,275,0.11027744230836015
314,275,0.030547760003691533
331,275,0.0499708128069356
335,275,0.049234684802509227
337,275,-0.022086378501534318
45,276,0.0005863902732926824
47,276,-0.0019075277016087973
96,276,0.00010550957254245719
98,276,-0.005238364534418003
120,276,0.10900787150193655
147,276,-0.00030433613908329343
149,276,0.005150324794343752
151,276,-0.02633144568676326
202,276,0.0009267011958685728
203,276,0.009977837208415245
217,276,0.2180157430038731
225,276,0.0034932610212246315
228,276,-0.0056508634166869045
252,276,0.01226818197705774
253,276,0.0681828426462101
258,276,0.018809943375954583
259,276,0.018101443473618542
261,276,-0.061306482114222356
265,276,-0.03091410001116165
267,276,0.0499708128069356
268,276,0.07240577389447417
270,276,-0.08126605322836201
271,276,0.04223670143844327
272,276,-0.10559175359610816
274,276,0.1629129912625669
275,276,0.16178739643854767
276,276,1.7780881231211019
288,276,0.16178739643854767
289,276,0.0681828426462101
291,276,-0.08126605322836201
314,276,0.1629129912625669
315,276,0.01226818197705774
333,276,0.0499708128069356
335,276,-0.061306482114222356
30,277,-0.0008283403157411057
35,277,0.0034932610212246315
41,277,-0.004002033263000152
99,277,0.0017848897813154579
103,277,0.028065096711647947
107,277,-0.0523881805284095
131,277,-0.0056508634166869045
134,277,-0.002432845754625267
138,277,0.01952792276652153
204,277,0.009977837208415245
206,277,0.09586055474871703
230,277,0.013131419942712675
231,277,-0.03017573774714276
238,277,0.051089760847130614
242,277,0.12356716511157888
246,277,-0.08425033984880378
254,277,0.049234684802509227
255,277,-0.08704013577782194
259,277,-0.08126605322836201
263,277,0.1192094419766381
265,277,0.16178739643854767
277,277,1.6253539058644055
278,277,0.19148542155126758
279,277,0.09749960430435688
280,277,0.08200569125836946
281,277,0.03367811605397753
283,277,0.0523881805284095
286,277,-0.028065096711647947
288,277,-0.03091410001116165
291,277,0.018101443473618542
292,277,0.013825205817636892
303,277,0.11746341049038532
316,277,0.06313692820940636
317,277,0.00013264060548194621
328,277,0.08266564361902784
330,277,0.0004973200485101942
338,277,0.0008283403157411057
32,278,-0.0008283403157411057
37,278,0.0034932610212246315
100,278,0.0004973200485101942
104,278,0.028065096711647947
108,278,-0.0523881805284095
133,278,-0.0056508634166869045
134,278,0.0005863902732926824
145,278,0.018809943375954583
204,278,2.2988627374612097e-5
205,278,0.003392672812256982
207,278,0.09586055474871703
230,278,-0.004710312200115702
236,278,-0.05088059739888543
239,278,0.02363814762190417
243,278,0.12356716511157888
247,278,-0.08425033984880378
256,278,-0.0487906199490025
260,278,-0.08126605322836201
263,278,0.0019718178420611077
264,278,0.0681828426462101
266,278,0.16178739643854767
277,278,0.19148542155126758
278,278,1.7951855341679006
279,278,0.15275252316519464
281,278,0.16178739643854767
282,278,0.09586055474871703
284,278,0.10559175359610816
285,278,-0.08126605322836201
287,278,-0.07240577389447417
292,278,-0.018809943375954583
304,278,0.11746341049038532
317,278,0.030547760003691533
318,278,0.0009267011958685728
329,278,0.0487906199490025
331,278,0.0026730149429903495
43,279,0.004002033263000152
99,279,1.4395537009616967e-5
100,279,-0.00010550957254245719
105,279,0.028065096711647947
109,279,-0.0523881805284095
140,279,-0.01952792276652153
146,279,0.018809943375954583
205,279,0.00018714198112502054
208,279,0.09586055474871703
231,279,0.003597560367317363
237,279,-0.05088059739888543
238,279,0.0017848897813154579
239,279,-0.008147416125983442
244,279,0.12356716511157888
248,279,-0.08425033984880378
254,279,-0.00883183537521694
255,279,-0.005238364534418003
256,279,0.02011097383620184
261,279,-0.08126605322836201
264,279,0.009977837208415245
267,279,0.16178739643854767
277,279,0.09749960430435688
278,279,0.15275252316519464
279,279,1.5462192085072013
282,279,0.19322077086723743
283,279,0.08425033984880378
284,279,-0.12442685235873202
286,279,-0.12356716511157888
287,279,0.11460367980409526
288,279,0.0499708128069356
290,279,0.05088059739888543
291,279,-0.061306482114222356
305,279,0.11746341049038532
318,279,0.01226818197705774
330,279,0.02363814762190417
331,279,-0.009169957075126009
29,280,-0.0005478956190949217
33,280,-0.0007485679245000822
34,280,0.0019248889487144974
44,280,-0.004002033263000152
101,280,0.005238364534418003
103,280,-0.013043478260869565
115,280,-0.08369565217391305
129,280,0.002432845754625267
130,280,-0.004812222371786243
135,280,-0.006574747429139061
136,280,0.013131419942712675
147,280,-0.018809943375954583
206,280,0.024620819918209552
212,280,0.15217391304347827
230,280,0.0056508634166869045
232,280,-0.051089760847130614
234,280,0.06370685614126999
240,280,0.08704013577782194
242,280,-0.1182358238225806
254,280,0.021187234921765517
257,280,-0.1192094419766381
259,280,0.1227494075985261
265,280,0.16770761816170718
271,280,0.08755552150384377
277,280,0.08200569125836946
280,280,1.5455689789264295
281,280,0.12222222222222219
282,280,0.10900787150193655
283,280,-0.08369565217391305
284,280,-0.03915447016346177
285,280,0.014850653283999416
289,280,0.01382520581763689
290,280,-0.013043478260869565
306,280,0.11746341049038532
316,280,0.1629129912625669
319,280,0.00013264060548194621
328,280,-0.11460367980409526
332,280,0.0004973200485101942
338,280,0.0019248889487144974
33,281,0.00018714198112502057
36,281,0.0019248889487144974
46,281,-0.004002033263000152
102,281,0.0017848897813154579
116,281,-0.08369565217391305
129,281,-0.0007485679245000822
132,281,-0.004812222371786243
139,281,0.013131419942712675
206,281,2.2988627374612097e-5
207,281,0.009977837208415245
209,281,0.05217391304347826
213,281,0.15217391304347827
230,281,-0.0034932610212246315
233,281,-0.03017573774714276
236,281,0.06370685614126999
241,281,0.051089760847130614
258,281,-0.08704013577782194
265,281,0.0019718178420611077
266,281,0.1192094419766381
268,281,0.18884524245927095
272,281,0.08755552150384377
277,281,0.03367811605397753
278,281,0.16178739643854767
280,281,0.12222222222222219
281,281,1.8762830723441168
282,281,0.2180157430038731
283,281,0.15217391304347827
285,281,0.15669814706114762
286,281,0.05217391304347826
289,281,-0.05530082327054757
291,281,-0.041510480397418156
307,281,0.11746341049038532
317,281,0.1629129912625669
319,281,0.06313692820940636
320,281,0.0009267011958685728
333,281,0.0026730149429903495
338,281,-0.004812222371786243
32,282,0.0005478956190949217
101,282,1.4395537009616967e-5
106,282,0.013043478260869565
117,282,-0.08369565217391305
135,282,0.0005863902732926824
140,282,0.013131419942712675
150,282,0.018809943375954583
207,282,0.00018714198112502054
208,282,0.003392672812256982
210,282,0.05217391304347826
214,282,0.15217391304347827
233,282,0.01301298307048355
240,282,0.0017848897813154579
245,282,0.1182358238225806
254,282,-0.009178312556375927
257,282,-0.005238364534418003
262,282,-0.1227494075985261
266,282,0.009977837208415245
267,282,0.0681828426462101
269,282,0.18884524245927095
273,282,0.08755552150384377
278,282,0.09586055474871703
279,282,0.19322077086723743
280,282,0.10900787150193655
281,282,0.2180157430038731
282,282,1.9541075888784194
283,282,0.08755552150384377
284,282,0.19954965751036596
286,282,0.18884524245927095
287,282,0.11027744230836015
289,282,0.0499708128069356
290,282,-0.1227494075985261
308,282,0.11746341049038532
318,282,0.1629129912625669
320,282,0.030547760003691533
321,282,0.003929981603625432
332,282,0.0487906199490025
30,283,0.00018714198112502057
34,283,0.00018714198112502057
36,283,-0.0007485679245000822
48,283,-0.004002033263000152
103,283,1.4395537009616967e-5
105,283,0.0017848897813154579
106,283,-0.005238364534418003
113,283,0.0523881805284095
118,283,-0.08369565217391305
130,283,-0.0007485679245000822
132,283,0.002432845754625267
137,283,0.002432845754625267
209,283,0.00018714198112502054
210,283,0.009977837208415245
215,283,0.15217391304347827
237,283,0.051089760847130614
242,283,0.0017848897813154579
244,283,0.051089760847130614
245,283,-0.08704013577782194
252,283,0.08425033984880378
254,283,-0.004002033263000152
259,283,-0.005238364534418003
261,283,-0.08704013577782194
262,283,0.1192094419766381
268,283,0.009977837208415245
269,283,0.1192094419766381
274,283,0.08755552150384377
277,283,0.0523881805284095
279,283,0.08425033984880378
280,283,-0.08369565217391305
281,283,0.15217391304347827
282,283,0.08755552150384377
283,283,2.049370896337177
284,283,0.11746341049038532
286,283,0.08028390990263383
288,283,0.11027744230836015
289,283,0.11460367980409526
290,283,0.08028390990263383
292,283,-0.08266564361902784
309,283,0.11746341049038532
320,283,0.11027744230836015
322,283,0.003929981603625432
330,283,0.11460367980409526
332,283,-0.08266564361902784
334,283,0.009169957075126009
338,283,0.00617568537712568
31,284,0.00018714198112502057
37,284,-0.0007485679245000822
104,284,0.00010550957254245719
105,284,-0.0004973200485101942
114,284,0.0523881805284095
119,284,-0.08369565217391305
133,284,0.002432845754625267
136,284,0.0005863902732926824
140,284,-0.006574747429139061
151,284,0.018809943375954583
210,284,0.0009267011958685728
211,284,0.024620819918209552
216,284,0.15217391304347827
234,284,-0.003597560367317363
235,284,0.01301298307048355
243,284,0.008147416125983442
244,284,-0.02363814762190417
253,284,0.08425033984880378
260,284,-0.02011097383620184
261,284,0.0487906199490025
269,284,0.030547760003691533
270,284,0.16770761816170718
275,284,0.08755552150384377
278,284,0.10559175359610816
279,284,-0.12442685235873202
280,284,-0.03915447016346177
282,284,0.19954965751036596
283,284,0.11746341049038532
284,284,1.9355545459984143
287,284,0.08028390990263383
288,284,0.18884524245927095
289,284,-0.12356716511157888
292,284,0.1182358238225806
310,284,0.11746341049038532
321,284,0.11027744230836015
322,284,0.030547760003691533
331,284,0.11460367980409526
334,284,-0.02363814762190417
29,285,8.020370619643739e-5
40,285,0.0019248889487144974
45,285,-0.0034932610212246315
108,285,0.005238364534418003
110,285,-0.013043478260869565
129,285,-0.0005478956190949217
142,285,-0.006574747429139061
144,285,0.013131419942712675
148,285,-0.01952792276652153
212,285,2.2988627374612097e-5
213,285,0.024620819918209552
218,285,0.20419648265499202
233,285,-0.022086378501534318
235,285,0.02189561179162741
247,285,0.08704013577782194
249,285,-0.1182358238225806
256,285,0.021187234921765517
258,285,-0.06370685614126999
260,285,0.05108976084713062
271,285,0.0019718178420611077
272,285,0.16770761816170718
278,285,-0.08126605322836201
280,285,0.014850653283999416
281,285,0.15669814706114762
285,285,1.6481564364876387
286,285,0.20419648265499202
287,285,0.09552712572195877
288,285,-0.12268653095236923
289,285,0.047222067780861146
290,285,0.024620819918209552
311,285,0.11746341049038532
319,285,0.19954965751036596
323,285,0.0009267011958685728
329,285,-0.12442685235873202
335,285,0.0026730149429903495
338,285,-0.006574747429139061
30,286,8.020370619643739e-5
38,286,0.00018714198112502057
47,286,-0.0034932610212246315
107,286,1.4395537009616967e-5
109,286,0.0017848897813154579
113,286,-0.028065096711647947
132,286,0.0010426481805536861
142,286,0.002432845754625267
146,286,0.013131419942712675
150,286,-0.01952792276652153
213,286,0.00018714198112502054
214,286,0.009977837208415245
215,286,0.05217391304347826
219,286,0.20419648265499202
231,286,-0.0034932610212246315
233,286,0.013131419942712675
237,286,0.02189561179162741
246,286,0.0017848897813154579
248,286,0.051089760847130614
252,286,-0.12356716511157888
256,286,-0.01952792276652153
262,286,0.05108976084713062
272,286,0.009977837208415245
273,286,0.1192094419766381
274,286,0.18884524245927095
277,286,-0.028065096711647947
279,286,-0.12356716511157888
281,286,0.05217391304347826
282,286,0.18884524245927095
283,286,0.08028390990263383
285,286,0.20419648265499202
286,286,2.0058672095840624
287,286,0.11746341049038532
288,286,0.19954965751036596
289,286,-0.12442685235873202
290,286,0.18732912310614558
291,286,0.06313692820940636
312,286,0.11746341049038532
320,286,0.19954965751036596
323,286,0.06313692820940636
324,286,0.003929981603625432
330,286,-0.12442685235873202
336,286,0.009169957075126009
338,286,0.014409932546626585
31,287,8.020370619643739e-5
43,287,-0.0019248889487144974
108,287,0.00010550957254245719
109,287,-0.0004973200485101942
112,287,0.013043478260869565
114,287,-0.028065096711647947
133,287,0.0010426481805536861
141,287,0.0005863902732926824
214,287,0.0009267011958685728
216,287,0.05217391304347826
220,287,0.20419648265499202
232,287,0.004710312200115702
247,287,0.008147416125983442
248,287,-0.02363814762190417
251,287,0.1182358238225806
253,287,-0.12356716511157888
255,287,-0.009178312556375927
257,287,-0.00883183537521694
258,287,0.02633144568676326
273,287,0.030547760003691533
275,287,0.18884524245927095
278,287,-0.07240577389447417
279,287,0.11460367980409526
282,287,0.11027744230836015
284,287,0.08028390990263383
285,287,0.09552712572195877
286,287,0.11746341049038532
287,287,2.0022212126650816
288,287,0.08755552150384377
289,287,0.08425033984880378
291,287,0.16770761816170718
313,287,0.11746341049038532
321,287,0.19954965751036596
324,287,0.030547760003691533
331,287,-0.12442685235873202
335,287,0.0487906199490025
336,287,-0.02363814762190417
39,288,0.00018714198112502057
42,288,-0.0007485679245000822
110,288,0.00010550957254245719
112,288,-0.005238364534418003
131,288,0.0005478956190949217
144,288,0.002432845754625267
146,288,-0.006574747429139061
151,288,-0.01952792276652153
215,288,0.0009267011958685728
216,288,0.009977837208415245
217,288,0.09586055474871703
221,288,0.20419648265499202
235,288,0.013131419942712675
237,288,-0.022086378501534318
249,288,0.008147416125983442
251,288,-0.08704013577782194
255,288,-0.004002033263000152
259,288,-0.00883183537521694
261,288,0.049234684802509227
274,288,0.030547760003691533
275,288,0.1192094419766381
276,288,0.16178739643854767
277,288,-0.03091410001116165
279,288,0.0499708128069356
283,288,0.11027744230836015
284,288,0.18884524245927095
285,288,-0.12268653095236923
286,288,0.19954965751036596
287,288,0.08755552150384377
288,288,2.0310268691763507
289,288,0.19322077086723743
291,288,0.15669814706114762
292,288,0.11716941354706799
314,288,0.11746341049038532
322,288,0.19954965751036596
324,288,0.11027744230836015
325,288,0.01226818197705774
335,288,-0.08266564361902784
338,288,-0.022086378501534318
44,289,0.00018714198112502057
46,289,-0.0007485679245000822
48,289,0.0019248889487144974
113,289,0.0004973200485101942
114,289,-0.0017848897813154579
121,289,0.08369565217391305
147,289,-0.0005863902732926824
148,289,0.002432845754625267
150,289,-0.006574747429139061
151,289,0.013131419942712675
217,289,0.003392672812256982
222,289,0.20419648265499202
234,289,0.0034932610212246315
236,289,-0.0056508634166869045
252,289,0.02363814762190417
253,289,-0.051089760847130614
257,289,-0.004002033263000152
259,289,-0.009178312556375927
260,289,0.01952792276652153
262,289,-0.021187234921765517
276,289,0.0681828426462101
280,289,0.01382520581763689
281,289,-0.05530082327054757
282,289,0.0499708128069356
283,289,0.11460367980409526
284,289,-0.12356716511157888
285,289,0.047222067780861146
286,289,-0.12442685235873202
287,289,0.08425033984880378
288,289,0.19322077086723743
289,289,1.771386346300534
292,289,0.08200569125836946
315,289,0.11746341049038532
325,289,0.1629129912625669
334,289,0.12442685235873202
336,289,-0.11460367980409526
338,289,0.021187234921765517
34,290,8.020370619643739e-5
38,290,0.00018714198112502057
40,290,-0.0005478956190949217
115,290,1.4395537009616967e-5
117,290,0.005238364534418003
118,290,-0.013043478260869565
135,290,-0.0005478956190949217
137,290,0.0010426481805536861
142,290,0.002432845754625267
149,290,-0.0056508634166869045
218,290,0.00018714198112502054
219,290,0.024620819918209552
239,290,-0.0056508634166869045
244,290,0.02189561179162741
248,290,0.051089760847130614
250,290,-0.06370685614126999
252,290,0.05088059739888543
267,290,-0.06370685614126999
269,290,0.05108976084713062
271,290,0.005238364534418003
273,290,0.1192094419766381
274,290,-0.1227494075985261
279,290,0.05088059739888543
280,290,-0.013043478260869565
282,290,-0.1227494075985261
283,290,0.08028390990263383
285,290,0.024620819918209552
286,290,0.18732912310614558
290,290,1.7241544024169546
291,290,0.1908457148147966
292,290,-0.08924131981599595
323,290,0.1908457148147966
326,290,0.003929981603625432
332,290,-0.08924131981599595
337,290,0.009169957075126009
338,290,0.014409932546626585
35,291,8.020370619643739e-5
42,291,-0.0005478956190949217
47,291,0.0008283403157411057
116,291,0.00010550957254245719
120,291,-0.028065096711647947
139,291,0.0010426481805536861
141,291,0.0007485679245000822
146,291,-0.004812222371786243
219,291,0.0009267011958685728
220,291,0.009977837208415245
221,291,0.05217391304347826
238,291,-0.0034932610212246315
241,291,0.013131419942712675
246,291,0.003597560367317363
248,291,-0.03017573774714276
251,291,-0.06370685614126999
264,291,-0.01952792276652153
265,291,-0.00883183537521694
267,291,0.049234684802509227
270,291,0.05108976084713062
272,291,0.02011097383620184
276,291,-0.08126605322836201
277,291,0.018101443473618542
279,291,-0.061306482114222356
281,291,-0.041510480397418156
286,291,0.06313692820940636
287,291,0.16770761816170718
288,291,0.15669814706114762
290,291,0.1908457148147966
291,291,1.973006124646655
292,291,0.17267676531717654
324,291,0.1908457148147966
326,291,0.06313692820940636
327,291,0.01226818197705774
333,291,-0.08924131981599595
338,291,-0.03017573774714276
41,292,-0.00018714198112502057
48,292,0.0008283403157411057
118,292,0.0004973200485101942
119,292,-0.0017848897813154579
121,292,-0.0523881805284095
138,292,0.0005478956190949217
143,292,0.0007485679245000822
145,292,-0.002432845754625267
151,292,0.0056508634166869045
221,292,0.003392672812256982
222,292,0.09586055474871703
242,292,-0.004710312200115702
243,292,0.013131419942712675
245,292,-0.022086378501534318
249,292,0.01301298307048355
250,292,-0.03017573774714276
251,292,0.051089760847130614
263,292,-0.004002033263000152
268,292,-0.02633144568676326
269,292,0.049234684802509227
270,292,-0.06370685614126999
274,292,0.0487906199490025
275,292,-0.08704013577782194
277,292,0.013825205817636892
278,292,-0.018809943375954583
283,292,-0.08266564361902784
284,292,0.1182358238225806
288,292,0.11716941354706799
289,292,0.08200569125836946
290,292,-0.08924131981599595
291,292,0.17267676531717654
292,292,1.8886105128550277
325,292,0.1908457148147966
327,292,0.11027744230836015
334,292,-0.08924131981599595
337,292,-0.08266564361902784
338,292,0.049234684802509227
51,293,0.004002033263000152
55,293,-0.013825205817636892
60,293,0.01382520581763689
78,293,0.03091410001116165
84,293,-0.04223670143844327
99,293,0.03915447016346177
154,293,0.018809943375954583
159,293,-0.05530082327054757
165,293,0.047222067780861146
180,293,0.0006635033876250728
182,293,0.10559175359610816
188,293,-0.12268653095236923
225,293,0.0499708128069356
230,293,-0.0026730149429903495
232,293,-0.12442685235873202
238,293,0.08924131981599595
254,293,0.003929981603625432
255,293,0.19954965751036596
293,293,1.260011628602623
294,293,0.22395160411940412
295,293,0.16661793144639842
296,293,0.014850653283999416
297,293,0.12356716511157888
299,293,0.028065096711647947
302,293,-0.01382520581763689
303,293,-0.1182358238225806
305,293,-0.013043478260869565
306,293,-0.05088059739888543
310,293,0.013825205817636892
316,293,0.06370685614126999
321,293,-0.009178312556375927
322,293,-0.004002033263000152
328,293,-0.02189561179162741
331,293,0.004710312200115702
333,293,0.0034932610212246315
52,294,0.004002033263000152
56,294,-0.013825205817636892
61,294,0.01382520581763689
79,294,0.03091410001116165
85,294,-0.04223670143844327
100,294,0.03915447016346177
155,294,0.018809943375954583
160,294,-0.05530082327054757
166,294,0.047222067780861146
180,294,-0.00010550957254245719
183,294,0.10559175359610816
189,294,-0.12268653095236923
226,294,0.0499708128069356
230,294,0.0004973200485101942
233,294,-0.12442685235873202
239,294,0.08924131981599595
254,294,0.00013264060548194621
256,294,0.19954965751036596
293,294,0.22395160411940412
294,294,0.9317801109765034
296,294,0.11027744230836015
298,294,0.11460367980409526
299,294,-0.07240577389447417
300,294,0.0499708128069356
301,294,-0.05530082327054757
304,294,-0.08266564361902784
305,294,0.041510480397418156
307,294,-0.061306482114222356
308,294,0.043138956656952096
309,294,0.018809943375954583
317,294,0.049234684802509227
318,294,-0.02633144568676326
319,294,0.021187234921765517
320,294,-0.01952792276652153
329,294,-0.022086378501534318
330,294,0.013131419942712675
332,294,0.0056508634166869045
51,295,-0.0034932610212246315
67,295,0.01382520581763689
76,295,0.00030433613908329343
80,295,0.018101443473618542
90,295,-0.04223670143844327
157,295,-0.00154817457112517
161,295,-0.043138956656952096
171,295,0.047222067780861146
181,295,0.0026730149429903495
184,295,0.07240577389447417
204,295,-0.09552712572195877
223,295,0.005150324794343752
227,295,0.061306482114222356
231,295,-0.009169957075126009
234,295,-0.11460367980409526
255,295,0.01226818197705774
257,295,0.1629129912625669
263,295,0.1908457148147966
293,295,0.16661793144639842
295,295,1.4962124781262616
296,295,0.24845199749997654
297,295,0.16178739643854767
298,295,0.03367811605397753
301,295,0.0523881805284095
302,295,0.04223670143844327
303,295,0.16770761816170718
304,295,0.005797101449275362
313,295,-0.018101443473618542
316,295,-0.1192094419766381
318,295,-0.005238364534418003
325,295,-0.004002033263000152
328,295,0.06370685614126999
331,295,0.003597560367317363
336,295,0.0034932610212246315
57,296,-0.009178312556375927
68,296,0.01382520581763689
76,296,-5.103872212500561e-5
81,296,0.018101443473618542
91,296,-0.04223670143844327
156,296,0.01952792276652153
157,296,0.00030433613908329343
162,296,-0.043138956656952096
172,296,0.047222067780861146
185,296,0.07240577389447417
205,296,-0.09552712572195877
223,296,-0.0011943012507331374
228,296,0.061306482114222356
235,296,-0.11460367980409526
255,296,0.00013264060548194621
256,296,0.003929981603625432
258,296,0.1629129912625669
264,296,0.1908457148147966
293,296,0.014850653283999416
294,296,0.11027744230836015
295,296,0.24845199749997654
296,296,1.4501104904204243
298,296,0.19322077086723743
299,296,0.09586055474871703
300,296,0.08425033984880378
302,296,-0.047222067780861146
304,296,0.11716941354706799
305,296,0.024620819918209552
311,296,-0.05088059739888543
313,296,0.043138956656952096
314,296,0.018809943375954583
317,296,-0.08704013577782194
324,296,-0.01952792276652153
329,296,0.051089760847130614
331,296,-0.01301298307048355
335,296,0.0056508634166869045
50,297,-0.0019248889487144974
53,297,-0.0005863902732926824
55,297,0.004710312200115702
71,297,0.01382520581763689
77,297,0.0011943012507331374
80,297,-0.00883183537521694
107,297,-0.03915447016346177
152,297,0.002432845754625267
154,297,-0.013131419942712675
158,297,-0.005150324794343752
161,297,0.02633144568676326
182,297,0.008147416125983442
196,297,0.12268653095236923
206,297,-0.09552712572195877
224,297,0.014409932546626585
227,297,-0.049234684802509227
232,297,-0.02363814762190417
246,297,-0.08924131981599595
257,297,0.030547760003691533
259,297,0.11027744230836015
265,297,0.1908457148147966
293,297,0.12356716511157888
295,297,0.16178739643854767
297,297,1.5115611118589312
298,297,0.19148542155126758
299,297,0.09749960430435688
300,297,0.06806549421833066
302,297,-0.03915447016346177
303,297,0.08200569125836946
306,297,0.18732912310614558
307,297,0.005797101449275362
312,297,0.013043478260869565
315,297,-0.013825205817636892
320,297,-0.005238364534418003
324,297,-0.00883183537521694
328,297,-0.05088059739888543
333,297,0.003597560367317363
336,297,0.004710312200115702
52,298,-0.0019248889487144974
53,298,0.0001190903516250131
57,298,0.004710312200115702
72,298,0.01382520581763689
108,298,-0.03915447016346177
152,298,-0.0005863902732926824
156,298,-0.013131419942712675
183,298,0.0026730149429903495
186,298,0.041510480397418156
197,298,0.12268653095236923
207,298,-0.09552712572195877
233,298,-0.009169957075126009
236,298,-0.08266564361902784
247,298,-0.08924131981599595
257,298,0.00013264060548194621
258,298,0.01226818197705774
260,298,0.11027744230836015
266,298,0.1908457148147966
294,298,0.11460367980409526
295,298,0.03367811605397753
296,298,0.19322077086723743
297,298,0.19148542155126758
298,298,1.7020215446972076
299,298,0.15275252316519464
300,298,0.08755552150384377
301,298,0.15217391304347827
302,298,0.12268653095236923
304,298,0.08200569125836946
307,298,0.16770761816170718
308,298,0.024620819918209552
311,298,0.1227494075985261
313,298,0.041510480397418156
315,298,0.018809943375954583
319,298,-0.1192094419766381
321,298,-0.02011097383620184
336,298,-0.013131419942712675
73,299,0.01382520581763689
77,299,-5.103872212500561e-5
82,299,0.00883183537521694
109,299,-0.03915447016346177
158,299,0.00030433613908329343
163,299,-0.02633144568676326
182,299,0.00010550957254245719
183,299,-0.0006635033876250728
187,299,0.041510480397418156
198,299,0.12268653095236923
208,299,-0.09552712572195877
224,299,-0.0011943012507331374
229,299,0.049234684802509227
232,299,-0.0004973200485101942
233,299,0.0026730149429903495
237,299,-0.08266564361902784
248,299,-0.08924131981599595
258,299,0.0009267011958685728
261,299,0.11027744230836015
267,299,0.1908457148147966
293,299,0.028065096711647947
294,299,-0.07240577389447417
296,299,0.09586055474871703
297,299,0.09749960430435688
298,299,0.15275252316519464
299,299,1.5034252030331583
301,299,0.17267676531717654
302,299,-0.08924131981599595
305,299,0.08200569125836946
308,299,0.11716941354706799
312,299,0.1182358238225806
313,299,-0.08266564361902784
320,299,-0.08704013577782194
321,299,0.0487906199490025
323,299,-0.06370685614126999
324,299,0.049234684802509227
332,299,0.051089760847130614
333,299,-0.03017573774714276
335,299,-0.022086378501534318
49,300,-0.00018714198112502057
56,300,0.0019075277016087973
79,300,0.0011943012507331374
81,300,-0.003597560367317363
96,300,0.04223670143844327
110,300,-0.03915447016346177
155,300,-0.006574747429139061
160,300,-0.005150324794343752
162,300,0.01301298307048355
177,300,-0.047222067780861146
185,300,0.008147416125983442
186,300,-0.02011097383620184
199,300,0.12268653095236923
209,300,-0.09552712572195877
226,300,0.014409932546626585
228,300,-0.03017573774714276
235,300,-0.02363814762190417
236,300,0.0487906199490025
249,300,-0.08924131981599595
259,300,0.00013264060548194621
260,300,0.030547760003691533
268,300,0.1908457148147966
294,300,0.0499708128069356
296,300,0.08425033984880378
297,300,0.06806549421833066
298,300,0.08755552150384377
300,300,1.6353642257818457
301,300,0.2180157430038731
302,300,-0.09552712572195877
307,300,0.15669814706114762
309,300,0.024620819918209552
311,300,-0.08028390990263383
314,300,0.041510480397418156
315,300,0.043138956656952096
317,300,-0.08126605322836201
319,300,0.1227494075985261
322,300,-0.02011097383620184
325,300,-0.02633144568676326
329,300,-0.05088059739888543
334,300,0.01301298307048355
52,301,0.0007485679245000822
54,301,0.0001190903516250131
79,301,-0.00030433613908329343
82,301,-0.003597560367317363
97,301,0.04223670143844327
111,301,-0.03915447016346177
153,301,-0.0005863902732926824
160,301,0.00154817457112517
163,301,0.01301298307048355
178,301,-0.047222067780861146
184,301,0.00010550957254245719
200,301,0.12268653095236923
210,301,-0.09552712572195877
226,301,-0.005150324794343752
229,301,-0.03017573774714276
234,301,-0.0004973200485101942
250,301,-0.08924131981599595
260,301,0.0009267011958685728
261,301,0.01226818197705774
262,301,0.06313692820940636
269,301,0.1908457148147966
294,301,-0.05530082327054757
295,301,0.0523881805284095
298,301,0.15217391304347827
299,301,0.17267676531717654
300,301,0.2180157430038731
301,301,1.6352296181630546
302,301,0.1908457148147966
308,301,0.15669814706114762
309,301,0.16770761816170718
310,301,0.06313692820940636
315,301,-0.061306482114222356
318,301,-0.08126605322836201
323,301,0.05108976084713062
325,301,0.049234684802509227
332,301,-0.06370685614126999
334,301,-0.03017573774714276
51,302,0.00018714198112502057
55,302,0.0001190903516250131
57,302,-0.0005863902732926824
75,302,-0.01382520581763689
80,302,5.103872212500561e-5
81,302,-0.00030433613908329343
82,302,0.0011943012507331374
98,302,0.04223670143844327
112,302,-0.03915447016346177
154,302,-0.0005863902732926824
156,302,0.002432845754625267
161,302,-0.00030433613908329343
162,302,0.00154817457112517
163,302,-0.005150324794343752
179,302,-0.047222067780861146
186,302,0.0006635033876250728
187,302,-0.0026730149429903495
201,302,0.12268653095236923
211,302,-0.09552712572195877
227,302,0.0011943012507331374
228,302,-0.005150324794343752
229,302,0.014409932546626585
236,302,-0.0026730149429903495
237,302,0.009169957075126009
251,302,-0.08924131981599595
262,302,0.003929981603625432
270,302,0.1908457148147966
293,302,-0.01382520581763689
295,302,0.04223670143844327
296,302,-0.047222067780861146
297,302,-0.03915447016346177
298,302,0.12268653095236923
299,302,-0.08924131981599595
300,302,-0.09552712572195877
301,302,0.1908457148147966
302,302,1.2629191531685138
310,302,0.18732912310614558
313,302,0.08028390990263383
314,302,-0.1227494075985261
315,302,0.05088059739888543
321,302,-0.1227494075985261
322,302,0.1192094419766381
324,302,0.05108976084713062
325,302,-0.06370685614126999
331,302,0.05088059739888543
333,302,-0.06370685614126999
334,302,0.051089760847130614
336,302,0.02189561179162741
50,303,-0.0008283403157411057
58,303,-0.0005863902732926824
62,303,0.009178312556375927
83,303,0.0011943012507331374
92,303,-0.03091410001116165
154,303,-0.0056508634166869045
164,303,-0.005150324794343752
173,303,0.05530082327054757
188,303,0.008147416125983442
192,303,0.07240577389447417
196,303,-0.10559175359610816
223,303,0.006574747429139061
227,303,-0.021187234921765517
238,303,-0.02363814762190417
242,303,-0.11460367980409526
246,303,0.12442685235873202
263,303,0.030547760003691533
265,303,0.1629129912625669
277,303,0.11746341049038532
293,303,-0.1182358238225806
295,303,0.16770761816170718
297,303,0.08200569125836946
303,303,1.6168932561582985
304,303,0.19148542155126758
305,303,0.09749960430435688
306,303,0.08200569125836946
307,303,0.03367811605397753
309,303,0.0523881805284095
312,303,-0.028065096711647947
314,303,-0.03091410001116165
316,303,0.16770761816170718
317,303,0.0019718178420611077
327,303,0.009178312556375927
328,303,-0.1182358238225806
330,303,-0.0017848897813154579
52,304,-0.0008283403157411057
58,304,0.0001190903516250131
69,304,0.013825205817636892
88,304,0.018101443473618542
93,304,-0.03091410001116165
156,304,-0.0056508634166869045
169,304,-0.043138956656952096
174,304,0.05530082327054757
189,304,0.0026730149429903495
193,304,0.07240577389447417
197,304,-0.10559175359610816
223,304,-0.0019075277016087973
239,304,-0.009169957075126009
243,304,-0.11460367980409526
247,304,0.12442685235873202
263,304,0.00013264060548194621
264,304,0.01226818197705774
266,304,0.1629129912625669
278,304,0.11746341049038532
294,304,-0.08266564361902784
295,304,0.005797101449275362
296,304,0.11716941354706799
298,304,0.08200569125836946
303,304,0.19148542155126758
304,304,1.7633596192100027
305,304,0.15275252316519464
307,304,0.16178739643854767
308,304,0.09586055474871703
310,304,0.10559175359610816
311,304,-0.08126605322836201
313,304,-0.07240577389447417
317,304,0.1192094419766381
318,304,0.009977837208415245
327,304,-0.01952792276652153
329,304,-0.08704013577782194
331,304,-0.008147416125983442
337,304,0.0056508634166869045
64,305,-0.009178312556375927
70,305,0.013825205817636892
83,305,-5.103872212500561e-5
89,305,0.018101443473618542
94,305,-0.03091410001116165
164,305,0.00030433613908329343
170,305,-0.043138956656952096
175,305,0.05530082327054757
188,305,0.00010550957254245719
189,305,-0.0006635033876250728
194,305,0.07240577389447417
198,305,-0.10559175359610816
229,305,0.021187234921765517
238,305,-0.0004973200485101942
239,305,0.0026730149429903495
244,305,-0.11460367980409526
248,305,0.12442685235873202
264,305,0.0009267011958685728
267,305,0.1629129912625669
279,305,0.11746341049038532
293,305,-0.013043478260869565
294,305,0.041510480397418156
296,305,0.024620819918209552
299,305,0.08200569125836946
303,305,0.09749960430435688
304,305,0.15275252316519464
305,305,1.5088745681338893
308,305,0.19322077086723743
309,305,0.08425033984880378
310,305,-0.12442685235873202
312,305,-0.12356716511157888
313,305,0.11460367980409526
314,305,0.0499708128069356
318,305,0.0681828426462101
326,305,-0.021187234921765517
330,305,-0.051089760847130614
331,305,0.02363814762190417
49,306,-0.0005478956190949217
59,306,-0.0019075277016087973
60,306,0.004710312200115702
71,306,-0.013825205817636892
84,306,0.003597560367317363
86,306,-0.00883183537521694
115,306,-0.03915447016346177
152,306,0.002432845754625267
153,306,-0.004812222371786243
165,306,-0.01301298307048355
167,306,0.02633144568676326
190,306,0.02011097383620184
192,306,-0.041510480397418156
224,306,0.014409932546626585
225,306,-0.022086378501534318
240,306,-0.0487906199490025
242,306,0.08266564361902784
265,306,0.06313692820940636
271,306,0.19954965751036596
280,306,0.11746341049038532
293,306,-0.05088059739888543
297,306,0.18732912310614558
303,306,0.08200569125836946
306,306,1.5563106669059692
307,306,0.12222222222222219
308,306,0.10900787150193655
309,306,-0.08369565217391305
310,306,-0.03915447016346177
311,306,0.014850653283999416
315,306,0.01382520581763689
316,306,0.16178739643854767
319,306,0.0019718178420611077
326,306,-0.00883183537521694
328,306,0.12356716511157888
332,306,-0.0017848897813154579
337,306,0.004710312200115702
63,307,0.004710312200115702
85,307,0.0011943012507331374
88,307,-0.00883183537521694
96,307,-0.03091410001116165
116,307,-0.03915447016346177
152,307,-0.0007485679245000822
155,307,-0.004812222371786243
166,307,-0.005150324794343752
169,307,0.02633144568676326
177,307,0.05530082327054757
191,307,0.008147416125983442
228,307,-0.022086378501534318
241,307,-0.02363814762190417
265,307,0.00013264060548194621
266,307,0.030547760003691533
268,307,0.11027744230836015
272,307,0.19954965751036596
281,307,0.11746341049038532
294,307,-0.061306482114222356
297,307,0.005797101449275362
298,307,0.16770761816170718
300,307,0.15669814706114762
303,307,0.03367811605397753
304,307,0.16178739643854767
306,307,0.12222222222222219
307,307,1.833765199443622
308,307,0.2180157430038731
309,307,0.15217391304347827
311,307,0.15669814706114762
312,307,0.05217391304347826
315,307,-0.05530082327054757
317,307,0.16178739643854767
319,307,0.16770761816170718
320,307,0.009977837208415245
327,307,-0.02633144568676326
333,307,-0.008147416125983442
52,308,0.0005478956190949217
59,308,0.0001190903516250131
64,308,0.004710312200115702
74,308,0.013825205817636892
85,308,-0.00030433613908329343
97,308,-0.03091410001116165
117,308,-0.03915447016346177
166,308,0.00154817457112517
178,308,0.05530082327054757
190,308,0.00010550957254245719
195,308,0.041510480397418156
224,308,-0.0019075277016087973
229,308,-0.022086378501534318
240,308,-0.0004973200485101942
245,308,-0.08266564361902784
266,308,0.0009267011958685728
267,308,0.01226818197705774
269,308,0.11027744230836015
273,308,0.19954965751036596
282,308,0.11746341049038532
294,308,0.043138956656952096
298,308,0.024620819918209552
299,308,0.11716941354706799
301,308,0.15669814706114762
304,308,0.09586055474871703
305,308,0.19322077086723743
306,308,0.10900787150193655
307,308,0.2180157430038731
308,308,1.8825905610146423
309,308,0.08755552150384377
310,308,0.19954965751036596
312,308,0.18884524245927095
313,308,0.11027744230836015
315,308,0.0499708128069356
318,308,0.16178739643854767
320,308,0.1192094419766381
321,308,0.030547760003691533
327,308,0.049234684802509227
332,308,-0.08704013577782194
337,308,-0.022086378501534318
50,309,0.00018714198112502057
61,309,0.0005863902732926824
89,309,-0.003597560367317363
118,309,-0.03915447016346177
153,309,-0.0007485679245000822
155,309,0.002432845754625267
170,309,0.01301298307048355
192,309,0.00010550957254245719
194,309,0.008147416125983442
195,309,-0.02011097383620184
202,309,0.10559175359610816
226,309,-0.006574747429139061
242,309,-0.0004973200485101942
244,309,-0.02363814762190417
245,309,0.0487906199490025
252,309,-0.12442685235873202
268,309,0.0009267011958685728
269,309,0.030547760003691533
274,309,0.19954965751036596
283,309,0.11746341049038532
294,309,0.018809943375954583
300,309,0.024620819918209552
301,309,0.16770761816170718
303,309,0.0523881805284095
305,309,0.08425033984880378
306,309,-0.08369565217391305
307,309,0.15217391304347827
308,309,0.08755552150384377
309,309,1.9355545459984145
310,309,0.11746341049038532
312,309,0.08028390990263383
314,309,0.11027744230836015
315,309,0.11460367980409526
320,309,0.18884524245927095
322,309,0.030547760003691533
330,309,-0.12356716511157888
332,309,0.1182358238225806
334,309,-0.02363814762190417
51,310,0.00018714198112502057
60,310,0.0001190903516250131
64,310,-0.0019075277016087973
75,310,0.013825205817636892
86,310,5.103872212500561e-5
87,310,-0.00030433613908329343
119,310,-0.03915447016346177
156,310,0.002432845754625267
167,310,-0.00030433613908329343
168,310,0.00154817457112517
193,310,0.0006635033876250728
194,310,-0.0026730149429903495
203,310,0.10559175359610816
225,310,-0.0019075277016087973
229,310,0.014409932546626585
243,310,-0.0026730149429903495
244,310,0.009169957075126009
253,310,-0.12442685235873202
269,310,0.003929981603625432
270,310,0.06313692820940636
275,310,0.19954965751036596
284,310,0.11746341049038532
293,310,0.013825205817636892
301,310,0.06313692820940636
302,310,0.18732912310614558
304,310,0.10559175359610816
305,310,-0.12442685235873202
306,310,-0.03915447016346177
308,310,0.19954965751036596
309,310,0.11746341049038532
310,310,1.7899790236460715
313,310,0.08028390990263383
314,310,0.18884524245927095
315,310,-0.12356716511157888
321,310,0.18884524245927095
322,310,0.1192094419766381
326,310,0.05108976084713062
331,310,-0.12356716511157888
334,310,0.051089760847130614
337,310,0.02189561179162741
49,311,8.020370619643739e-5
66,311,-0.0019075277016087973
68,311,0.004710312200115702
72,311,-0.009178312556375927
91,311,0.003597560367317363
93,311,-0.00883183537521694
96,311,0.018101443473618542
152,311,-0.0005478956190949217
172,311,-0.01301298307048355
174,311,0.02633144568676326
177,311,-0.043138956656952096
197,311,0.02011097383620184
199,311,-0.041510480397418156
218,311,0.09552712572195877
223,311,0.0008283403157411057
226,311,-0.00617568537712568
247,311,-0.0487906199490025
249,311,0.08266564361902784
271,311,0.00013264060548194621
272,311,0.06313692820940636
285,311,0.11746341049038532
296,311,-0.05088059739888543
298,311,0.1227494075985261
300,311,-0.08028390990263383
304,311,-0.08126605322836201
306,311,0.014850653283999416
307,311,0.15669814706114762
311,311,1.7034038901601831
312,311,0.20419648265499202
313,311,0.09552712572195877
314,311,-0.12268653095236923
315,311,0.047222067780861146
319,311,0.08755552150384377
323,311,0.009977837208415245
326,311,0.02011097383620184
329,311,0.08425033984880378
335,311,-0.008147416125983442
337,311,-0.01301298307048355
50,312,8.020370619643739e-5
66,312,0.0005863902732926824
70,312,0.004710312200115702
74,312,-0.009178312556375927
95,312,-0.00883183537521694
155,312,0.0010426481805536861
176,312,0.02633144568676326
196,312,0.00010550957254245719
198,312,0.008147416125983442
202,312,-0.07240577389447417
219,312,0.09552712572195877
224,312,-0.0019248889487144974
246,312,-0.0004973200485101942
248,312,-0.02363814762190417
252,312,0.11460367980409526
272,312,0.0009267011958685728
273,312,0.030547760003691533
274,312,0.11027744230836015
286,312,0.11746341049038532
297,312,0.013043478260869565
299,312,0.1182358238225806
303,312,-0.028065096711647947
305,312,-0.12356716511157888
307,312,0.05217391304347826
308,312,0.18884524245927095
309,312,0.08028390990263383
311,312,0.20419648265499202
312,312,2.002221212665081
313,312,0.11746341049038532
314,312,0.19954965751036596
315,312,-0.12442685235873202
320,312,0.08755552150384377
323,312,0.16770761816170718
324,312,0.030547760003691533
327,312,0.0487906199490025
330,312,0.08425033984880378
336,312,-0.02363814762190417
51,313,8.020370619643739e-5
65,313,0.0001190903516250131
90,313,5.103872212500561e-5
91,313,-0.00030433613908329343
98,313,-0.018101443473618542
156,313,0.0010426481805536861
171,313,-0.00030433613908329343
172,313,0.00154817457112517
179,313,0.043138956656952096
197,313,0.0006635033876250728
198,313,-0.0026730149429903495
201,313,0.041510480397418156
203,313,-0.07240577389447417
220,313,0.09552712572195877
229,313,0.00617568537712568
247,313,-0.0026730149429903495
248,313,0.009169957075126009
251,313,-0.08266564361902784
253,313,0.11460367980409526
273,313,0.003929981603625432
275,313,0.11027744230836015
287,313,0.11746341049038532
295,313,-0.018101443473618542
296,313,0.043138956656952096
298,313,0.041510480397418156
299,313,-0.08266564361902784
302,313,0.08028390990263383
304,313,-0.07240577389447417
305,313,0.11460367980409526
308,313,0.11027744230836015
310,313,0.08028390990263383
311,313,0.09552712572195877
312,313,0.11746341049038532
313,313,1.9668160437325195
314,313,0.08755552150384377
315,313,0.08425033984880378
321,313,0.08755552150384377
324,313,0.1192094419766381
326,313,0.1192094419766381
327,313,-0.08704013577782194
331,313,0.08425033984880378
335,313,-0.08704013577782194
336,313,0.051089760847130614
337,313,0.051089760847130614
68,314,0.0005863902732926824
70,314,-0.0019075277016087973
75,314,-0.009178312556375927
92,314,5.103872212500561e-5
94,314,-0.0011943012507331374
154,314,0.0005478956190949217
173,314,-0.00030433613908329343
175,314,0.005150324794343752
199,314,0.0006635033876250728
201,314,-0.02011097383620184
221,314,0.09552712572195877
225,314,-0.0019248889487144974
228,314,0.004812222371786243
249,314,-0.0026730149429903495
251,314,0.0487906199490025
274,314,0.003929981603625432
275,314,0.030547760003691533
276,314,0.1629129912625669
288,314,0.11746341049038532
296,314,0.018809943375954583
300,314,0.041510480397418156
302,314,-0.1227494075985261
303,314,-0.03091410001116165
305,314,0.0499708128069356
309,314,0.11027744230836015
310,314,0.18884524245927095
311,314,-0.12268653095236923
312,314,0.19954965751036596
313,314,0.08755552150384377
314,314,1.9533223777688036
315,314,0.19322077086723743
322,314,0.08755552150384377
324,314,0.18884524245927095
325,314,0.0681828426462101
326,314,-0.1227494075985261
335,314,0.1182358238225806
71,315,-0.0001190903516250131
72,315,0.0005863902732926824
74,315,-0.0019075277016087973
75,315,0.004710312200115702
96,315,0.00030433613908329343
97,315,-0.0011943012507331374
98,315,0.003597560367317363
121,315,0.03915447016346177
177,315,-0.00154817457112517
178,315,0.005150324794343752
179,315,-0.01301298307048355
202,315,0.0026730149429903495
203,315,-0.008147416125983442
222,315,0.09552712572195877
227,315,0.0008283403157411057
252,315,-0.009169957075126009
253,315,0.02363814762190417
276,315,0.01226818197705774
289,315,0.11746341049038532
297,315,-0.013825205817636892
298,315,0.018809943375954583
300,315,0.043138956656952096
301,315,-0.061306482114222356
302,315,0.05088059739888543
306,315,0.01382520581763689
307,315,-0.05530082327054757
308,315,0.0499708128069356
309,315,0.11460367980409526
310,315,-0.12356716511157888
311,315,0.047222067780861146
312,315,-0.12442685235873202
313,315,0.08425033984880378
314,315,0.19322077086723743
315,315,1.6595094674025217
325,315,0.16178739643854767
327,315,-0.08126605322836201
334,315,-0.08425033984880378
336,315,0.12356716511157888
337,315,-0.05088059739888543
54,316,-0.0008283403157411057
58,316,-0.0007485679245000822
60,316,0.0034932610212246315
67,316,-0.004002033263000152
99,316,0.003597560367317363
103,316,-0.018101443473618542
115,316,0.04223670143844327
157,316,0.002432845754625267
159,316,-0.0056508634166869045
164,316,-0.006574747429139061
167,316,0.01952792276652153
173,316,-0.018809943375954583
204,316,0.02011097383620184
212,316,-0.10559175359610816
230,316,-0.004812222371786243
231,316,0.014409932546626585
234,316,-0.021187234921765517
238,316,-0.03017573774714276
242,316,0.061306482114222356
277,316,0.06313692820940636
280,316,0.1629129912625669
293,316,0.06370685614126999
295,316,-0.1192094419766381
303,316,0.16770761816170718
306,316,0.16178739643854767
316,316,1.5151813089843107
317,316,0.12222222222222219
318,316,0.10900787150193655
319,316,0.03367811605397753
322,316,-0.04223670143844327
323,316,-0.028065096711647947
325,316,0.01382520581763689
326,316,0.018101443473618542
328,316,0.16661793144639842
329,316,0.000568540040045713
338,316,-0.0034932610212246315
56,317,-0.0008283403157411057
58,317,0.00018714198112502057
63,317,0.0034932610212246315
69,317,-0.004002033263000152
100,317,0.0011943012507331374
110,317,-0.03091410001116165
116,317,0.04223670143844327
157,317,-0.0007485679245000822
162,317,-0.0056508634166869045
169,317,0.01952792276652153
205,317,0.008147416125983442
209,317,0.07240577389447417
213,317,-0.10559175359610816
230,317,0.0019248889487144974
236,317,-0.021187234921765517
239,317,-0.014409932546626585
249,317,0.0499708128069356
277,317,0.00013264060548194621
278,317,0.030547760003691533
281,317,0.1629129912625669
294,317,0.049234684802509227
296,317,-0.08704013577782194
300,317,-0.08126605322836201
303,317,0.0019718178420611077
304,317,0.1192094419766381
307,317,0.16178739643854767
316,317,0.12222222222222219
317,317,1.7870830902917996
318,317,0.2180157430038731
319,317,0.08200569125836946
320,317,0.09586055474871703
322,317,0.10559175359610816
324,317,-0.07240577389447417
325,317,-0.05530082327054757
327,317,0.043138956656952096
329,317,0.11716941354706799
330,317,0.003392672812256982
338,317,0.0056508634166869045
64,318,0.0034932610212246315
100,318,-0.00030433613908329343
106,318,0.018101443473618542
111,318,-0.03091410001116165
117,318,0.04223670143844327
163,318,-0.0056508634166869045
164,318,0.0005863902732926824
176,318,0.018809943375954583
204,318,0.00010550957254245719
210,318,0.07240577389447417
214,318,-0.10559175359610816
231,318,-0.0019075277016087973
239,318,0.005150324794343752
245,318,-0.061306482114222356
250,318,0.0499708128069356
278,318,0.0009267011958685728
279,318,0.01226818197705774
282,318,0.1629129912625669
294,318,-0.02633144568676326
295,318,-0.005238364534418003
301,318,-0.08126605322836201
304,318,0.009977837208415245
305,318,0.0681828426462101
308,318,0.16178739643854767
316,318,0.10900787150193655
317,318,0.2180157430038731
318,318,1.7780881231211019
320,318,0.16178739643854767
321,318,0.1629129912625669
323,318,-0.08126605322836201
325,318,0.0499708128069356
327,318,-0.061306482114222356
330,318,0.0681828426462101
331,318,0.01226818197705774
53,319,-0.00018714198112502057
61,319,0.0019248889487144974
72,319,-0.004002033263000152
102,319,0.003597560367317363
104,319,-0.00883183537521694
160,319,-0.004812222371786243
166,319,-0.006574747429139061
168,319,0.013131419942712675
177,319,-0.018809943375954583
207,319,0.02011097383620184
209,319,-0.041510480397418156
218,319,-0.12268653095236923
230,319,0.0008283403157411057
233,319,0.014409932546626585
235,319,-0.022086378501534318
241,319,-0.03017573774714276
243,319,0.049234684802509227
280,319,0.00013264060548194621
281,319,0.06313692820940636
285,319,0.19954965751036596
294,319,0.021187234921765517
298,319,-0.1192094419766381
300,319,0.1227494075985261
306,319,0.0019718178420611077
307,319,0.16770761816170718
311,319,0.08755552150384377
316,319,0.03367811605397753
317,319,0.08200569125836946
319,319,1.764246159943764
320,319,0.20419648265499202
321,319,0.09552712572195877
322,319,-0.12268653095236923
323,319,0.05217391304347826
326,319,-0.041510480397418156
329,319,0.19322077086723743
332,319,0.003392672812256982
338,319,0.013131419942712675
56,320,0.0005478956190949217
59,320,0.00018714198112502057
74,320,-0.004002033263000152
106,320,-0.00883183537521694
113,320,-0.03091410001116165
158,320,-0.0007485679245000822
166,320,0.002432845754625267
170,320,0.013131419942712675
206,320,0.00010550957254245719
208,320,0.008147416125983442
219,320,-0.12268653095236923
233,320,-0.006574747429139061
237,320,-0.022086378501534318
245,320,0.049234684802509227
252,320,0.0499708128069356
281,320,0.0009267011958685728
282,320,0.030547760003691533
283,320,0.11027744230836015
286,320,0.19954965751036596
294,320,-0.01952792276652153
297,320,-0.005238364534418003
299,320,-0.08704013577782194
307,320,0.009977837208415245
308,320,0.1192094419766381
309,320,0.18884524245927095
312,320,0.08755552150384377
317,320,0.09586055474871703
318,320,0.16178739643854767
319,320,0.20419648265499202
320,320,2.031026869176351
321,320,0.11746341049038532
322,320,0.19954965751036596
323,320,0.15669814706114762
324,320,0.11027744230836015
327,320,-0.08266564361902784
330,320,0.19322077086723743
332,320,0.11716941354706799
333,320,0.01226818197705774
338,320,-0.022086378501534318
57,321,0.0005478956190949217
64,321,-0.0019248889487144974
101,321,5.103872212500561e-5
102,321,-0.00030433613908329343
114,321,-0.03091410001116165
163,321,0.004812222371786243
165,321,0.0005863902732926824
179,321,0.018809943375954583
207,321,0.0006635033876250728
208,321,-0.0026730149429903495
211,321,0.041510480397418156
220,321,-0.12268653095236923
232,321,-0.0019075277016087973
240,321,-0.0011943012507331374
241,321,0.005150324794343752
253,321,0.0499708128069356
282,321,0.003929981603625432
284,321,0.11027744230836015
287,321,0.19954965751036596
293,321,-0.009178312556375927
298,321,-0.02011097383620184
299,321,0.0487906199490025
302,321,-0.1227494075985261
308,321,0.030547760003691533
310,321,0.18884524245927095
313,321,0.08755552150384377
318,321,0.1629129912625669
319,321,0.09552712572195877
320,321,0.11746341049038532
321,321,1.9533223777688036
322,321,0.08755552150384377
324,321,0.18884524245927095
326,321,-0.1227494075985261
327,321,0.1182358238225806
331,321,0.19322077086723743
333,321,0.0681828426462101
55,322,0.00018714198112502057
60,322,0.00018714198112502057
63,322,-0.0007485679245000822
75,322,-0.004002033263000152
103,322,5.103872212500561e-5
105,322,-0.0011943012507331374
120,322,-0.04223670143844327
159,322,-0.0007485679245000822
162,322,0.002432845754625267
168,322,0.002432845754625267
170,322,-0.006574747429139061
209,322,0.0006635033876250728
211,322,-0.02011097383620184
217,322,0.10559175359610816
221,322,-0.12268653095236923
235,322,-0.006574747429139061
237,322,0.014409932546626585
242,322,-0.0011943012507331374
244,322,0.014409932546626585
283,322,0.003929981603625432
284,322,0.030547760003691533
288,322,0.19954965751036596
293,322,-0.004002033263000152
300,322,-0.02011097383620184
302,322,0.1192094419766381
309,322,0.030547760003691533
310,322,0.1192094419766381
314,322,0.08755552150384377
316,322,-0.04223670143844327
317,322,0.10559175359610816
319,322,-0.12268653095236923
320,322,0.19954965751036596
321,322,0.08755552150384377
322,322,2.0417020011665987
324,322,0.08028390990263383
325,322,0.16661793144639842
326,322,0.08028390990263383
333,322,0.16661793144639842
334,322,0.03251166599362857
338,322,0.02189561179162741
54,323,8.020370619643739e-5
66,323,0.0007485679245000822
73,323,-0.0034932610212246315
109,323,0.003597560367317363
111,323,-0.00883183537521694
113,323,0.018101443473618542
158,323,-0.0005478956190949217
160,323,0.0010426481805536861
175,323,0.013131419942712675
178,323,-0.01952792276652153
212,323,0.00010550957254245719
214,323,0.02011097383620184
215,323,-0.041510480397418156
231,323,0.0008283403157411057
233,323,-0.004812222371786243
248,323,-0.03017573774714276
250,323,0.049234684802509227
252,323,-0.061306482114222356
285,323,0.0009267011958685728
286,323,0.06313692820940636
290,323,0.1908457148147966
299,323,-0.06370685614126999
301,323,0.05108976084713062
311,323,0.009977837208415245
312,323,0.16770761816170718
316,323,-0.028065096711647947
318,323,-0.08126605322836201
319,323,0.05217391304347826
320,323,0.15669814706114762
323,323,1.973006124646655
324,323,0.1908457148147966
325,323,-0.08924131981599595
326,323,0.06313692820940636
332,323,0.17267676531717654
335,323,0.01226818197705774
338,323,-0.03017573774714276
55,324,8.020370619643739e-5
65,324,0.00018714198112502057
70,324,-0.0019248889487144974
107,324,5.103872212500561e-5
109,324,-0.0011943012507331374
112,324,-0.00883183537521694
162,324,0.0010426481805536861
172,324,0.002432845754625267
179,324,-0.01952792276652153
213,324,0.0006635033876250728
217,324,-0.07240577389447417
232,324,-0.0019248889487144974
237,324,0.00617568537712568
246,324,-0.0011943012507331374
248,324,0.014409932546626585
251,324,0.049234684802509227
286,324,0.003929981603625432
287,324,0.030547760003691533
288,324,0.11027744230836015
291,324,0.1908457148147966
296,324,-0.01952792276652153
297,324,-0.00883183537521694
299,324,0.049234684802509227
302,324,0.05108976084713062
312,324,0.030547760003691533
313,324,0.1192094419766381
314,324,0.18884524245927095
317,324,-0.07240577389447417
320,324,0.11027744230836015
321,324,0.18884524245927095
322,324,0.08028390990263383
323,324,0.1908457148147966
324,324,2.135243826745038
325,324,0.17267676531717654
326,324,0.18732912310614558
327,324,0.11716941354706799
333,324,0.17267676531717654
335,324,0.11716941354706799
336,324,0.03251166599362857
338,324,0.051089760847130614
67,325,0.00018714198112502057
69,325,-0.0007485679245000822
75,325,0.0034932610212246315
110,325,0.00030433613908329343
111,325,-0.0011943012507331374
112,325,0.003597560367317363
121,325,-0.04223670143844327
161,325,0.0005478956190949217
173,325,-0.0005863902732926824
174,325,0.002432845754625267
176,325,-0.006574747429139061
215,325,0.0026730149429903495
216,325,-0.008147416125983442
234,325,-0.0019248889487144974
236,325,0.004812222371786243
249,325,-0.005150324794343752
250,325,0.014409932546626585
251,325,-0.03017573774714276
288,325,0.01226818197705774
289,325,0.1629129912625669
292,325,0.1908457148147966
295,325,-0.004002033263000152
300,325,-0.02633144568676326
301,325,0.049234684802509227
302,325,-0.06370685614126999
314,325,0.0681828426462101
315,325,0.16178739643854767
316,325,0.01382520581763689
317,325,-0.05530082327054757
318,325,0.0499708128069356
322,325,0.16661793144639842
323,325,-0.08924131981599595
324,325,0.17267676531717654
325,325,2.0061644680755597
327,325,0.15669814706114762
334,325,0.17267676531717654
336,325,0.16661793144639842
338,325,-0.06370685614126999
60,326,8.020370619643739e-5
65,326,0.00018714198112502057
68,326,-0.0005478956190949217
73,326,0.0008283403157411057
115,326,5.103872212500561e-5
119,326,-0.00883183537521694
120,326,0.018101443473618542
165,326,-0.0005478956190949217
168,326,0.0010426481805536861
172,326,0.002432845754625267
175,326,-0.004812222371786243
218,326,0.0006635033876250728
220,326,0.02011097383620184
221,326,-0.041510480397418156
238,326,0.0008283403157411057
241,326,-0.004812222371786243
244,326,0.00617568537712568
248,326,0.014409932546626585
253,326,-0.021187234921765517
290,326,0.003929981603625432
291,326,0.06313692820940636
305,326,-0.021187234921765517
306,326,-0.00883183537521694
310,326,0.05108976084713062
311,326,0.02011097383620184
313,326,0.1192094419766381
314,326,-0.1227494075985261
316,326,0.018101443473618542
319,326,-0.041510480397418156
321,326,-0.1227494075985261
322,326,0.08028390990263383
323,326,0.06313692820940636
324,326,0.18732912310614558
326,326,2.053786026233529
327,326,0.09830057292390378
335,326,0.09830057292390378
337,326,0.03251166599362857
338,326,0.051089760847130614
62,327,8.020370619643739e-5
69,327,-0.0005478956190949217
74,327,0.0008283403157411057
116,327,0.00030433613908329343
117,327,-0.0011943012507331374
121,327,0.03091410001116165
169,327,0.0010426481805536861
171,327,0.0007485679245000822
176,327,-0.004812222371786243
179,327,0.0056508634166869045
219,327,0.0026730149429903495
220,327,-0.008147416125983442
222,327,-0.07240577389447417
240,327,-0.0019248889487144974
245,327,0.00617568537712568
246,327,-0.0019075277016087973
247,327,0.006574747429139061
251,327,-0.022086378501534318
291,327,0.01226818197705774
292,327,0.11027744230836015
303,327,0.009178312556375927
304,327,-0.01952792276652153
307,327,-0.02633144568676326
308,327,0.049234684802509227
312,327,0.0487906199490025
313,327,-0.08704013577782194
315,327,-0.08126605322836201
317,327,0.043138956656952096
318,327,-0.061306482114222356
320,327,-0.08266564361902784
321,327,0.1182358238225806
324,327,0.11716941354706799
325,327,0.15669814706114762
326,327,0.09830057292390378
327,327,2.099652824516534
336,327,0.09830057292390378
337,327,0.11716941354706799
338,327,-0.08704013577782194
76,328,0.0005478956190949217
77,328,-0.0008283403157411057
83,328,-0.0019248889487144974
84,328,0.0034932610212246315
90,328,-0.004002033263000152
99,328,0.004710312200115702
101,328,-0.009178312556375927
107,328,0.013825205817636892
115,328,-0.01382520581763689
180,328,-0.0010426481805536861
181,328,0.004812222371786243
182,328,-0.0056508634166869045
188,328,-0.013131419942712675
190,328,0.01952792276652153
196,328,-0.018809943375954583
204,328,0.02633144568676326
206,328,-0.043138956656952096
212,328,0.05530082327054757
254,328,-0.00617568537712568
255,328,0.022086378501534318
257,328,-0.021187234921765517
263,328,-0.049234684802509227
265,328,0.061306482114222356
271,328,-0.0499708128069356
277,328,0.08266564361902784
280,328,-0.11460367980409526
293,328,-0.02189561179162741
295,328,0.06370685614126999
297,328,-0.05088059739888543
303,328,-0.1182358238225806
306,328,0.12356716511157888
316,328,0.16661793144639842
328,328,1.173623824052886
329,328,0.06806549421833066
330,328,0.08369565217391305
331,328,0.03915447016346177
332,328,-0.0523881805284095
333,328,-0.04223670143844327
335,328,0.03091410001116165
336,328,0.01382520581763689
337,328,-0.013825205817636892
338,328,0.004002033263000152
76,329,-0.00018714198112502057
79,329,-0.0008283403157411057
87,329,0.0034932610212246315
93,329,-0.004002033263000152
100,329,0.0019075277016087973
104,329,-0.009178312556375927
110,329,0.013825205817636892
180,329,0.0005478956190949217
185,329,-0.0056508634166869045
189,329,-0.006574747429139061
193,329,0.01952792276652153
199,329,-0.018809943375954583
205,329,0.01301298307048355
209,329,-0.043138956656952096
218,329,0.047222067780861146
256,329,0.014409932546626585
260,329,-0.021187234921765517
264,329,-0.03017573774714276
268,329,0.061306482114222356
278,329,0.0487906199490025
285,329,-0.12442685235873202
294,329,-0.022086378501534318
296,329,0.051089760847130614
300,329,-0.05088059739888543
304,329,-0.08704013577782194
311,329,0.08425033984880378
316,329,0.000568540040045713
317,329,0.11716941354706799
319,329,0.19322077086723743
328,329,0.06806549421833066
329,329,1.5257723112128145
330,329,0.20419648265499202
331,329,0.09552712572195877
332,329,0.09586055474871703
334,329,-0.047222067780861146
335,329,-0.07240577389447417
337,329,0.043138956656952096
338,329,-0.01952792276652153
83,330,0.00018714198112502057
89,330,0.0034932610212246315
95,330,-0.004002033263000152
100,330,-0.0005863902732926824
106,330,-0.009178312556375927
118,330,0.01382520581763689
181,330,-0.0007485679245000822
187,330,-0.0056508634166869045
189,330,0.002432845754625267
195,330,0.01952792276652153
215,330,-0.05530082327054757
219,330,0.047222067780861146
254,330,0.0019248889487144974
256,330,-0.006574747429139061
262,330,-0.021187234921765517
274,330,0.0499708128069356
277,330,0.0004973200485101942
279,330,0.02363814762190417
283,330,0.11460367980409526
286,330,-0.12442685235873202
294,330,0.013131419942712675
303,330,-0.0017848897813154579
305,330,-0.051089760847130614
309,330,-0.12356716511157888
312,330,0.08425033984880378
317,330,0.003392672812256982
318,330,0.0681828426462101
320,330,0.19322077086723743
328,330,0.08369565217391305
329,330,0.20419648265499202
330,330,1.7713863463005337
331,330,0.11746341049038532
332,330,0.08200569125836946
333,330,0.1629129912625669
334,330,0.12442685235873202
336,330,-0.11460367980409526
338,330,0.021187234921765517
82,331,0.0008283403157411057
99,331,-0.0001190903516250131
112,331,-0.013825205817636892
119,331,0.01382520581763689
188,331,0.0005863902732926824
201,331,0.018809943375954583
204,331,0.00030433613908329343
205,331,-0.00154817457112517
211,331,0.043138956656952096
216,331,-0.05530082327054757
220,331,0.047222067780861146
255,331,-0.0019075277016087973
263,331,-0.0011943012507331374
264,331,0.005150324794343752
270,331,-0.061306482114222356
275,331,0.0499708128069356
278,331,0.0026730149429903495
279,331,-0.009169957075126009
284,331,0.11460367980409526
287,331,-0.12442685235873202
293,331,0.004710312200115702
295,331,0.003597560367317363
296,331,-0.01301298307048355
302,331,0.05088059739888543
304,331,-0.008147416125983442
305,331,0.02363814762190417
310,331,-0.12356716511157888
313,331,0.08425033984880378
318,331,0.01226818197705774
321,331,0.19322077086723743
328,331,0.03915447016346177
329,331,0.09552712572195877
330,331,0.11746341049038532
331,331,1.6595094674025215
333,331,0.16178739643854767
334,331,-0.08425033984880378
335,331,-0.08126605322836201
336,331,0.12356716511157888
337,331,-0.05088059739888543
77,332,-0.00018714198112502057
79,332,0.0005478956190949217
85,332,0.0007485679245000822
97,332,-0.004002033263000152
105,332,-0.004710312200115702
113,332,0.013825205817636892
183,332,-0.002432845754625267
194,332,0.013131419942712675
202,332,-0.018809943375954583
208,332,0.01301298307048355
210,332,-0.02633144568676326
254,332,0.0008283403157411057
261,332,-0.022086378501534318
267,332,-0.03017573774714276
269,332,0.049234684802509227
280,332,0.0004973200485101942
282,332,0.0487906199490025
283,332,-0.08266564361902784
290,332,-0.08924131981599595
294,332,0.0056508634166869045
299,332,0.051089760847130614
301,332,-0.06370685614126999
306,332,-0.0017848897813154579
308,332,-0.08704013577782194
309,332,0.1182358238225806
319,332,0.003392672812256982
320,332,0.11716941354706799
323,332,0.17267676531717654
328,332,-0.0523881805284095
329,332,0.09586055474871703
330,332,0.08200569125836946
332,332,1.8886105128550277
333,332,0.1908457148147966
334,332,-0.08924131981599595
335,332,0.11027744230836015
337,332,-0.08266564361902784
338,332,0.049234684802509227
81,333,0.0005478956190949217
84,333,0.00018714198112502057
89,333,-0.0019248889487144974
98,333,-0.004002033263000152
102,333,-0.0005863902732926824
120,333,0.01382520581763689
182,333,-0.0007485679245000822
187,333,0.004812222371786243
191,333,0.002432845754625267
206,333,0.00030433613908329343
208,333,-0.005150324794343752
211,333,-0.02633144568676326
217,333,-0.05530082327054757
258,333,-0.006574747429139061
265,333,-0.0011943012507331374
267,333,0.014409932546626585
270,333,0.049234684802509227
276,333,0.0499708128069356
281,333,0.0026730149429903495
291,333,-0.08924131981599595
293,333,0.0034932610212246315
297,333,0.003597560367317363
299,333,-0.03017573774714276
302,333,-0.06370685614126999
307,333,-0.008147416125983442
320,333,0.01226818197705774
321,333,0.0681828426462101
322,333,0.16661793144639842
324,333,0.17267676531717654
328,333,-0.04223670143844327
330,333,0.1629129912625669
331,333,0.16178739643854767
332,333,0.1908457148147966
333,333,2.0061644680755597
334,333,0.17267676531717654
335,333,0.15669814706114762
336,333,0.16661793144639842
338,333,-0.06370685614126999
80,334,0.00018714198112502057
86,334,0.00018714198112502057
88,334,-0.0007485679245000822
103,334,0.0001190903516250131
104,334,-0.0005863902732926824
106,334,0.0019075277016087973
184,334,-0.0007485679245000822
186,334,0.002432845754625267
192,334,-0.0005863902732926824
193,334,0.002432845754625267
195,334,-0.006574747429139061
209,334,0.00154817457112517
210,334,-0.005150324794343752
211,334,0.01301298307048355
222,334,-0.047222067780861146
259,334,0.0019075277016087973
260,334,-0.006574747429139061
262,334,0.014409932546626585
268,334,-0.005150324794343752
269,334,0.014409932546626585
270,334,-0.03017573774714276
283,334,0.009169957075126009
284,334,-0.02363814762190417
289,334,0.12442685235873202
292,334,-0.08924131981599595
300,334,0.01301298307048355
301,334,-0.03017573774714276
302,334,0.051089760847130614
309,334,-0.02363814762190417
310,334,0.051089760847130614
315,334,-0.08425033984880378
322,334,0.03251166599362857
325,334,0.17267676531717654
329,334,-0.047222067780861146
330,334,0.12442685235873202
331,334,-0.08425033984880378
332,334,-0.08924131981599595
333,334,0.17267676531717654
334,334,1.9437757063160885
336,334,0.08028390990263383
337,334,0.08028390990263383
338,334,0.05108976084713062
78,335,8.020370619643739e-5
91,335,0.0007485679245000822
94,335,-0.0019248889487144974
109,335,-0.0019075277016087973
114,335,0.009178312556375927
182,335,-0.0005478956190949217
185,335,0.0010426481805536861
198,335,0.006574747429139061
203,335,-0.01952792276652153
212,335,0.00030433613908329343
216,335,-0.02633144568676326
217,335,0.043138956656952096
255,335,0.0008283403157411057
258,335,-0.004812222371786243
261,335,0.00617568537712568
271,335,-0.0011943012507331374
275,335,0.049234684802509227
276,335,-0.061306482114222356
285,335,0.0026730149429903495
287,335,0.0487906199490025
288,335,-0.08266564361902784
296,335,0.0056508634166869045
299,335,-0.022086378501534318
311,335,-0.008147416125983442
313,335,-0.08704013577782194
314,335,0.1182358238225806
323,335,0.01226818197705774
324,335,0.11716941354706799
326,335,0.09830057292390378
328,335,0.03091410001116165
329,335,-0.07240577389447417
331,335,-0.08126605322836201
332,335,0.11027744230836015
333,335,0.15669814706114762
335,335,2.0996528245165345
336,335,0.09830057292390378
337,335,0.11716941354706799
338,335,-0.08704013577782194
80,336,8.020370619643739e-5
90,336,0.00018714198112502057
95,336,-0.0019248889487144974
98,336,0.0034932610212246315
107,336,0.0001190903516250131
108,336,-0.0005863902732926824
112,336,0.004710312200115702
121,336,0.01382520581763689
186,336,0.0010426481805536861
196,336,-0.0005863902732926824
197,336,0.002432845754625267
201,336,-0.013131419942712675
213,336,0.00154817457112517
214,336,-0.005150324794343752
257,336,-0.0019248889487144974
262,336,0.00617568537712568
272,336,-0.005150324794343752
273,336,0.014409932546626585
286,336,0.009169957075126009
287,336,-0.02363814762190417
289,336,-0.11460367980409526
295,336,0.0034932610212246315
297,336,0.004710312200115702
298,336,-0.013131419942712675
302,336,0.02189561179162741
312,336,-0.02363814762190417
313,336,0.051089760847130614
315,336,0.12356716511157888
324,336,0.03251166599362857
325,336,0.16661793144639842
327,336,0.09830057292390378
328,336,0.01382520581763689
330,336,-0.11460367980409526
331,336,0.12356716511157888
333,336,0.16661793144639842
334,336,0.08028390990263383
335,336,0.09830057292390378
336,336,2.107274607020535
337,336,0.18732912310614558
338,336,0.1192094419766381
86,337,8.020370619643739e-5
90,337,0.00018714198112502057
93,337,-0.0005478956190949217
97,337,0.0008283403157411057
115,337,0.0001190903516250131
117,337,-0.0019075277016087973
119,337,0.004710312200115702
121,337,-0.013825205817636892
190,337,-0.0005478956190949217
193,337,0.0010426481805536861
197,337,0.002432845754625267
200,337,-0.004812222371786243
203,337,0.0056508634166869045
218,337,0.00154817457112517
220,337,-0.01301298307048355
222,337,0.043138956656952096
263,337,0.0008283403157411057
266,337,-0.004812222371786243
269,337,0.00617568537712568
271,337,-0.0019075277016087973
273,337,0.014409932546626585
275,337,-0.022086378501534318
290,337,0.009169957075126009
292,337,-0.08266564361902784
304,337,0.0056508634166869045
306,337,0.004710312200115702
308,337,-0.022086378501534318
310,337,0.02189561179162741
311,337,-0.01301298307048355
313,337,0.051089760847130614
315,337,-0.05088059739888543
326,337,0.03251166599362857
327,337,0.11716941354706799
328,337,-0.013825205817636892
329,337,0.043138956656952096
331,337,-0.05088059739888543
332,337,-0.08266564361902784
334,337,0.08028390990263383
335,337,0.11716941354706799
336,337,0.18732912310614558
337,337,2.0735209987885317
338,337,0.1192094419766381
103,338,8.020370619643739e-5
107,338,0.00018714198112502057
110,338,-0.0005478956190949217
113,338,0.0008283403157411057
115,338,0.00018714198112502057
116,338,-0.0007485679245000822
118,338,0.0019248889487144974
120,338,-0.0034932610212246315
121,338,0.004002033263000152
206,338,-0.0005478956190949217
209,338,0.0010426481805536861
212,338,-0.0007485679245000822
213,338,0.002432845754625267
215,338,-0.004812222371786243
217,338,0.0056508634166869045
218,338,0.002432845754625267
219,338,-0.006574747429139061
221,338,0.013131419942712675
222,338,-0.01952792276652153
277,338,0.0008283403157411057
280,338,0.0019248889487144974
281,338,-0.004812222371786243
283,338,0.00617568537712568
285,338,-0.006574747429139061
286,338,0.014409932546626585
288,338,-0.022086378501534318
289,338,0.021187234921765517
290,338,0.014409932546626585
291,338,-0.03017573774714276
292,338,0.049234684802509227
316,338,-0.0034932610212246315
317,338,0.0056508634166869045
319,338,0.013131419942712675
320,338,-0.022086378501534318
322,338,0.02189561179162741
323,338,-0.03017573774714276
324,338,0.051089760847130614
325,338,-0.06370685614126999
326,338,0.051089760847130614
327,338,-0.08704013577782194
328,338,0.004002033263000152
329,338,-0.01952792276652153
330,338,0.021187234921765517
332,338,0.049234684802509227
333,338,-0.06370685614126999
334,338,0.05108976084713062
335,338,-0.08704013577782194
336,338,0.1192094419766381
337,338,0.1192094419766381
338,338,1.8346597792435055
